0,3,4,5,6,8,9,11,13,14
39, Bachelors,13, Never-married, Adm-clerical, White, Male,0, United-States, <=50K
50, Bachelors,13, Married-civ-spouse, Exec-managerial, White, Male,0, United-States, <=50K
38, HS-grad,9, Divorced, Handlers-cleaners, White, Male,0, United-States, <=50K
53, 11th,7, Married-civ-spouse, Handlers-cleaners, Black, Male,0, United-States, <=50K
28, Bachelors,13, Married-civ-spouse, Prof-specialty, Black, Female,0, Cuba, <=50K
37, Masters,14, Married-civ-spouse, Exec-managerial, White, Female,0, United-States, <=50K
49, 9th,5, Married-spouse-absent, Other-service, Black, Female,0, Jamaica, <=50K
52, HS-grad,9, Married-civ-spouse, Exec-managerial, White, Male,0, United-States, >50K
31, Masters,14, Never-married, Prof-specialty, White, Female,0, United-States, >50K
42, Bachelors,13, Married-civ-spouse, Exec-managerial, White, Male,0, United-States, >50K
37, Some-college,10, Married-civ-spouse, Exec-managerial, Black, Male,0, United-States, >50K
30, Bachelors,13, Married-civ-spouse, Prof-specialty, Asian-Pac-Islander, Male,0, India, >50K
23, Bachelors,13, Never-married, Adm-clerical, White, Female,0, United-States, <=50K
32, Assoc-acdm,12, Never-married, Sales, Black, Male,0, United-States, <=50K
40, Assoc-voc,11, Married-civ-spouse, Craft-repair, Asian-Pac-Islander, Male,0, ?, >50K
34, 7th-8th,4, Married-civ-spouse, Transport-moving, Amer-Indian-Eskimo, Male,0, Mexico, <=50K
25, HS-grad,9, Never-married, Farming-fishing, White, Male,0, United-States, <=50K
32, HS-grad,9, Never-married, Machine-op-inspct, White, Male,0, United-States, <=50K
38, 11th,7, Married-civ-spouse, Sales, White, Male,0, United-States, <=50K
43, Masters,14, Divorced, Exec-managerial, White, Female,0, United-States, >50K
40, Doctorate,16, Married-civ-spouse, Prof-specialty, White, Male,0, United-States, >50K
54, HS-grad,9, Separated, Other-service, Black, Female,0, United-States, <=50K
35, 9th,5, Married-civ-spouse, Farming-fishing, Black, Male,0, United-States, <=50K
43, 11th,7, Married-civ-spouse, Transport-moving, White, Male,2042, United-States, <=50K
59, HS-grad,9, Divorced, Tech-support, White, Female,0, United-States, <=50K
56, Bachelors,13, Married-civ-spouse, Tech-support, White, Male,0, United-States, >50K
19, HS-grad,9, Never-married, Craft-repair, White, Male,0, United-States, <=50K
54, Some-college,10, Married-civ-spouse, ?, Asian-Pac-Islander, Male,0, South, >50K
39, HS-grad,9, Divorced, Exec-managerial, White, Male,0, United-States, <=50K
49, HS-grad,9, Married-civ-spouse, Craft-repair, White, Male,0, United-States, <=50K
23, Assoc-acdm,12, Never-married, Protective-serv, White, Male,0, United-States, <=50K
20, Some-college,10, Never-married, Sales, Black, Male,0, United-States, <=50K
45, Bachelors,13, Divorced, Exec-managerial, White, Male,1408, United-States, <=50K
30, Some-college,10, Married-civ-spouse, Adm-clerical, White, Male,0, United-States, <=50K
22, Some-college,10, Married-civ-spouse, Other-service, Black, Male,0, United-States, <=50K
48, 11th,7, Never-married, Machine-op-inspct, White, Male,0, Puerto-Rico, <=50K
21, Some-college,10, Never-married, Machine-op-inspct, White, Male,0, United-States, <=50K
19, HS-grad,9, Married-AF-spouse, Adm-clerical, White, Female,0, United-States, <=50K
31, Some-college,10, Married-civ-spouse, Sales, White, Male,0, ?, >50K
48, Assoc-acdm,12, Married-civ-spouse, Prof-specialty, White, Male,0, United-States, <=50K
31, 9th,5, Married-civ-spouse, Machine-op-inspct, White, Male,0, United-States, <=50K
53, Bachelors,13, Married-civ-spouse, Prof-specialty, White, Male,0, United-States, <=50K
24, Bachelors,13, Married-civ-spouse, Tech-support, White, Male,0, United-States, <=50K
49, HS-grad,9, Separated, Adm-clerical, White, Female,0, United-States, <=50K
25, HS-grad,9, Never-married, Handlers-cleaners, White, Male,0, United-States, <=50K
57, Bachelors,13, Married-civ-spouse, Prof-specialty, Black, Male,0, United-States, >50K
53, HS-grad,9, Married-civ-spouse, Machine-op-inspct, White, Male,0, United-States, <=50K
44, Masters,14, Divorced, Exec-managerial, White, Female,0, United-States, <=50K
41, Assoc-voc,11, Married-civ-spouse, Craft-repair, White, Male,0, United-States, <=50K
29, Assoc-voc,11, Never-married, Prof-specialty, White, Male,0, United-States, <=50K
25, Some-college,10, Married-civ-spouse, Exec-managerial, Other, Female,0, United-States, <=50K
18, HS-grad,9, Never-married, Other-service, White, Female,0, ?, <=50K
47, Prof-school,15, Married-civ-spouse, Prof-specialty, White, Female,1902, Honduras, >50K
50, Bachelors,13, Divorced, Exec-managerial, White, Male,0, United-States, >50K
47, HS-grad,9, Divorced, Exec-managerial, White, Male,0, United-States, <=50K
43, Some-college,10, Married-civ-spouse, Tech-support, White, Male,0, United-States, >50K
46, 5th-6th,3, Married-civ-spouse, Machine-op-inspct, White, Male,0, Mexico, <=50K
35, Assoc-voc,11, Married-civ-spouse, Other-service, White, Male,0, Puerto-Rico, <=50K
41, HS-grad,9, Married-civ-spouse, Adm-clerical, White, Male,0, United-States, <=50K
30, HS-grad,9, Married-civ-spouse, Machine-op-inspct, White, Male,0, United-States, <=50K
30, Bachelors,13, Married-civ-spouse, Sales, White, Male,0, United-States, <=50K
32, 7th-8th,4, Married-spouse-absent, ?, White, Male,0, ?, <=50K
48, HS-grad,9, Married-civ-spouse, Transport-moving, White, Male,0, United-States, <=50K
42, Doctorate,16, Married-civ-spouse, Prof-specialty, White, Male,0, United-States, >50K
29, Some-college,10, Divorced, Tech-support, White, Male,0, United-States, <=50K
36, HS-grad,9, Married-civ-spouse, Craft-repair, White, Male,0, United-States, <=50K
28, Some-college,10, Divorced, Adm-clerical, White, Female,0, United-States, <=50K
53, HS-grad,9, Married-civ-spouse, Adm-clerical, White, Female,0, United-States, >50K
49, Some-college,10, Married-civ-spouse, Exec-managerial, White, Male,0, United-States, >50K
25, Some-college,10, Never-married, ?, White, Male,0, United-States, <=50K
19, Some-college,10, Never-married, Prof-specialty, White, Male,0, United-States, <=50K
31, Bachelors,13, Separated, Sales, Black, Female,0, United-States, <=50K
29, Bachelors,13, Married-civ-spouse, Sales, White, Male,0, United-States, >50K
23, Some-college,10, Never-married, Machine-op-inspct, White, Male,0, United-States, <=50K
79, Some-college,10, Married-civ-spouse, Prof-specialty, White, Male,0, United-States, <=50K
27, HS-grad,9, Never-married, Other-service, White, Male,0, Mexico, <=50K
40, Assoc-acdm,12, Married-civ-spouse, Adm-clerical, White, Male,0, United-States, <=50K
67, 10th,6, Married-civ-spouse, ?, White, Male,0, United-States, <=50K
18, 11th,7, Never-married, Other-service, White, Female,0, United-States, <=50K
31, 7th-8th,4, Married-civ-spouse, Farming-fishing, White, Male,0, United-States, <=50K
18, HS-grad,9, Never-married, Sales, White, Male,0, United-States, <=50K
52, Bachelors,13, Married-civ-spouse, Other-service, White, Male,0, Cuba, <=50K
46, HS-grad,9, Married-civ-spouse, Other-service, White, Female,0, United-States, <=50K
59, HS-grad,9, Married-civ-spouse, Sales, White, Male,0, United-States, <=50K
44, HS-grad,9, Divorced, Craft-repair, White, Female,0, United-States, >50K
53, HS-grad,9, Divorced, Sales, White, Female,0, United-States, <=50K
49, HS-grad,9, Married-civ-spouse, Protective-serv, White, Male,0, United-States, >50K
33, Masters,14, Married-civ-spouse, Prof-specialty, White, Male,0, United-States, <=50K
30, 9th,5, Never-married, Sales, White, Male,0, United-States, <=50K
43, Doctorate,16, Never-married, Prof-specialty, White, Female,0, United-States, >50K
57, Assoc-voc,11, Married-civ-spouse, Prof-specialty, White, Male,0, United-States, <=50K
37, Some-college,10, Divorced, Craft-repair, White, Female,0, United-States, <=50K
28, Some-college,10, Divorced, Machine-op-inspct, Black, Female,0, United-States, <=50K
30, HS-grad,9, Married-civ-spouse, Sales, Asian-Pac-Islander, Female,1573, ?, <=50K
34, Bachelors,13, Married-civ-spouse, Protective-serv, White, Male,0, United-States, >50K
29, Some-college,10, Never-married, Handlers-cleaners, White, Male,0, United-States, <=50K
48, Doctorate,16, Married-civ-spouse, Prof-specialty, White, Male,1902, United-States, >50K
37, Some-college,10, Married-civ-spouse, Sales, White, Male,0, United-States, >50K
48, Assoc-acdm,12, Divorced, Exec-managerial, White, Female,0, England, <=50K
32, HS-grad,9, Never-married, Other-service, Black, Male,0, United-States, <=50K
76, Masters,14, Married-civ-spouse, Exec-managerial, White, Male,0, United-States, >50K
44, Bachelors,13, Married-civ-spouse, Exec-managerial, White, Male,0, United-States, >50K
47, Masters,14, Never-married, Prof-specialty, White, Female,0, United-States, <=50K
20, Some-college,10, Never-married, Tech-support, White, Female,0, United-States, <=50K
29, HS-grad,9, Never-married, Craft-repair, White, Male,0, United-States, <=50K
32, HS-grad,9, Married-civ-spouse, Craft-repair, White, Male,0, United-States, >50K
17, 10th,6, Never-married, ?, White, Female,0, United-States, <=50K
30, 11th,7, Never-married, Handlers-cleaners, White, Male,0, United-States, <=50K
31, HS-grad,9, Never-married, Adm-clerical, White, Female,0, United-States, <=50K
42, HS-grad,9, Married-civ-spouse, Handlers-cleaners, White, Male,0, United-States, <=50K
24, Bachelors,13, Never-married, Sales, White, Male,0, United-States, <=50K
38, Prof-school,15, Married-civ-spouse, Prof-specialty, White, Male,0, United-States, >50K
56, HS-grad,9, Married-civ-spouse, Other-service, White, Male,1887, Canada, >50K
28, Some-college,10, Married-civ-spouse, Sales, White, Female,0, United-States, <=50K
36, HS-grad,9, Never-married, Machine-op-inspct, White, Female,0, United-States, <=50K
53, 9th,5, Married-civ-spouse, Handlers-cleaners, White, Male,0, United-States, <=50K
56, Some-college,10, Married-civ-spouse, Sales, White, Male,0, United-States, <=50K
49, Assoc-voc,11, Married-civ-spouse, Craft-repair, Black, Male,0, United-States, >50K
55, Some-college,10, Married-civ-spouse, Sales, White, Male,0, United-States, <=50K
22, HS-grad,9, Never-married, Craft-repair, White, Male,0, United-States, <=50K
21, Some-college,10, Never-married, Other-service, White, Female,0, United-States, <=50K
40, Bachelors,13, Married-civ-spouse, Exec-managerial, White, Male,0, United-States, <=50K
30, Bachelors,13, Never-married, Exec-managerial, Black, Male,0, Germany, <=50K
29, Bachelors,13, Married-civ-spouse, Prof-specialty, White, Male,0, United-States, >50K
19, Some-college,10, Never-married, Other-service, Black, Male,0, United-States, <=50K
47, Bachelors,13, Married-civ-spouse, Exec-managerial, White, Female,0, United-States, >50K
20, Some-college,10, Never-married, Adm-clerical, White, Female,1719, United-States, <=50K
31, Assoc-acdm,12, Married-civ-spouse, Adm-clerical, White, Male,0, United-States, >50K
35, HS-grad,9, Married-civ-spouse, ?, White, Male,0, United-States, <=50K
39, Some-college,10, Divorced, Craft-repair, White, Male,0, United-States, <=50K
28, Assoc-acdm,12, Never-married, Sales, White, Female,0, United-States, <=50K
24, HS-grad,9, Never-married, Other-service, White, Female,1762, United-States, <=50K
38, HS-grad,9, Married-civ-spouse, Craft-repair, White, Male,0, United-States, <=50K
37, Bachelors,13, Married-civ-spouse, Sales, White, Male,0, United-States, <=50K
46, Assoc-acdm,12, Divorced, Tech-support, Black, Female,0, United-States, <=50K
38, Masters,14, Married-civ-spouse, Prof-specialty, White, Male,0, Iran, >50K
43, HS-grad,9, Married-civ-spouse, Craft-repair, White, Male,0, United-States, <=50K
27, Assoc-voc,11, Married-civ-spouse, Adm-clerical, White, Female,0, United-States, <=50K
20, Some-college,10, Never-married, Sales, White, Male,0, United-States, <=50K
49, Some-college,10, Married-civ-spouse, Craft-repair, Asian-Pac-Islander, Male,0, United-States, >50K
61, HS-grad,9, Married-civ-spouse, Craft-repair, White, Male,0, United-States, <=50K
27, Some-college,10, Never-married, Sales, White, Female,0, United-States, <=50K
19, Some-college,10, Never-married, Other-service, White, Male,0, Mexico, <=50K
45, Assoc-voc,11, Never-married, Prof-specialty, White, Female,1564, United-States, >50K
70, Some-college,10, Never-married, Tech-support, White, Male,0, United-States, <=50K
31, HS-grad,9, Never-married, Transport-moving, Black, Female,0, United-States, <=50K
22, Some-college,10, Married-civ-spouse, Other-service, White, Male,0, United-States, <=50K
36, HS-grad,9, Widowed, Other-service, White, Female,0, United-States, <=50K
64, 11th,7, Married-civ-spouse, Craft-repair, White, Male,2179, United-States, <=50K
43, Some-college,10, Divorced, ?, White, Female,0, United-States, <=50K
47, Some-college,10, Divorced, Adm-clerical, White, Female,0, Mexico, <=50K
34, HS-grad,9, Never-married, Adm-clerical, White, Female,0, United-States, <=50K
33, Bachelors,13, Never-married, Exec-managerial, Asian-Pac-Islander, Female,0, Philippines, <=50K
21, HS-grad,9, Never-married, Craft-repair, White, Male,0, United-States, <=50K
52, HS-grad,9, Divorced, ?, White, Male,0, United-States, >50K
48, HS-grad,9, Married-civ-spouse, Craft-repair, White, Male,0, United-States, <=50K
23, Bachelors,13, Never-married, Handlers-cleaners, White, Male,0, United-States, <=50K
71, Some-college,10, Separated, Sales, Black, Male,1816, United-States, <=50K
29, HS-grad,9, Divorced, Craft-repair, White, Male,0, United-States, <=50K
42, Bachelors,13, Separated, Other-service, Black, Male,0, United-States, <=50K
68, 1st-4th,2, Divorced, ?, White, Female,0, United-States, <=50K
25, HS-grad,9, Never-married, Other-service, White, Female,0, United-States, <=50K
44, Masters,14, Divorced, Exec-managerial, Asian-Pac-Islander, Female,0, United-States, <=50K
28, HS-grad,9, Never-married, Exec-managerial, Asian-Pac-Islander, Female,0, England, <=50K
45, Masters,14, Married-civ-spouse, Sales, White, Male,0, United-States, >50K
36, Some-college,10, Divorced, Other-service, White, Female,0, Mexico, <=50K
39, Assoc-acdm,12, Never-married, Exec-managerial, White, Male,0, United-States, <=50K
46, Masters,14, Widowed, Protective-serv, White, Male,0, United-States, <=50K
18, 11th,7, Never-married, Handlers-cleaners, White, Male,0, United-States, <=50K
66, Assoc-voc,11, Widowed, Prof-specialty, White, Female,0, United-States, <=50K
27, HS-grad,9, Never-married, Other-service, White, Male,1980, United-States, <=50K
28, HS-grad,9, Married-civ-spouse, Protective-serv, White, Male,0, United-States, <=50K
51, Some-college,10, Married-civ-spouse, Sales, White, Male,1977, United-States, >50K
27, Bachelors,13, Never-married, Craft-repair, White, Male,0, United-States, <=50K
28, Bachelors,13, Married-civ-spouse, Prof-specialty, White, Male,0, United-States, >50K
27, HS-grad,9, Married-spouse-absent, Sales, White, Female,0, United-States, <=50K
21, HS-grad,9, Never-married, Craft-repair, Black, Male,0, United-States, <=50K
34, HS-grad,9, Never-married, Handlers-cleaners, Black, Male,0, United-States, <=50K
18, HS-grad,9, Never-married, Other-service, White, Male,0, United-States, <=50K
33, Bachelors,13, Married-civ-spouse, Prof-specialty, White, Male,0, United-States, <=50K
44, Some-college,10, Married-civ-spouse, Exec-managerial, Black, Male,0, United-States, >50K
43, Some-college,10, Divorced, Adm-clerical, White, Female,0, United-States, <=50K
30, Some-college,10, Never-married, Craft-repair, Black, Male,0, United-States, <=50K
40, 7th-8th,4, Married-civ-spouse, Machine-op-inspct, White, Male,0, Mexico, >50K
37, Some-college,10, Married-civ-spouse, Adm-clerical, White, Male,0, United-States, >50K
34, HS-grad,9, Married-civ-spouse, Adm-clerical, Black, Male,0, United-States, <=50K
41, Bachelors,13, Divorced, Exec-managerial, White, Female,0, United-States, <=50K
53, Bachelors,13, Divorced, ?, White, Female,0, United-States, <=50K
31, Masters,14, Married-civ-spouse, Prof-specialty, White, Female,0, United-States, <=50K
58, Doctorate,16, Married-civ-spouse, Prof-specialty, White, Male,0, United-States, >50K
38, Some-college,10, Divorced, Machine-op-inspct, Black, Female,0, United-States, <=50K
24, Some-college,10, Married-civ-spouse, Machine-op-inspct, White, Male,0, United-States, <=50K
41, Bachelors,13, Married-civ-spouse, Craft-repair, Black, Male,0, United-States, <=50K
47, Some-college,10, Married-civ-spouse, Tech-support, White, Male,0, United-States, <=50K
41, Bachelors,13, Married-civ-spouse, Tech-support, White, Male,0, United-States, <=50K
23, 5th-6th,3, Married-civ-spouse, Transport-moving, White, Male,0, Mexico, <=50K
36, Some-college,10, Divorced, Craft-repair, White, Male,0, United-States, <=50K
40, Masters,14, Never-married, Exec-managerial, White, Female,0, United-States, >50K
35, Masters,14, Married-civ-spouse, Prof-specialty, White, Male,0, United-States, >50K
24, HS-grad,9, Never-married, Sales, White, Male,0, United-States, <=50K
26, Masters,14, Never-married, Prof-specialty, White, Female,1876, United-States, <=50K
19, HS-grad,9, Never-married, ?, White, Male,0, Italy, <=50K
51, Bachelors,13, Married-civ-spouse, Exec-managerial, White, Male,0, United-States, >50K
42, Some-college,10, Never-married, Prof-specialty, White, Female,1340, United-States, <=50K
37, HS-grad,9, Divorced, Adm-clerical, White, Female,0, United-States, <=50K
18, 11th,7, Never-married, Sales, White, Female,0, United-States, <=50K
36, Bachelors,13, Married-civ-spouse, Other-service, Black, Male,0, United-States, >50K
35, HS-grad,9, Divorced, Craft-repair, White, Male,0, United-States, <=50K
58, HS-grad,9, Married-civ-spouse, Sales, White, Female,0, United-States, >50K
17, 11th,7, Never-married, Sales, White, Female,0, United-States, <=50K
44, HS-grad,9, Married-civ-spouse, Transport-moving, Black, Male,0, United-States, <=50K
37, HS-grad,9, Married-civ-spouse, Craft-repair, White, Male,0, United-States, >50K
35, Some-college,10, Never-married, Sales, Amer-Indian-Eskimo, Female,0, United-States, <=50K
60, HS-grad,9, Married-civ-spouse, Craft-repair, Asian-Pac-Islander, Male,0, United-States, <=50K
54, 7th-8th,4, Married-civ-spouse, Machine-op-inspct, White, Male,0, United-States, >50K
37, Bachelors,13, Never-married, Exec-managerial, Black, Male,0, United-States, >50K
50, Assoc-acdm,12, Divorced, Sales, White, Female,0, United-States, <=50K
38, Bachelors,13, Married-civ-spouse, Sales, White, Male,0, Poland, <=50K
45, Bachelors,13, Married-civ-spouse, Prof-specialty, White, Male,0, United-States, <=50K
25, 10th,6, Never-married, Craft-repair, White, Male,0, United-States, <=50K
31, Some-college,10, Married-civ-spouse, Handlers-cleaners, White, Male,0, United-States, <=50K
64, 1st-4th,2, Divorced, ?, White, Male,0, United-States, <=50K
90, HS-grad,9, Never-married, Other-service, Black, Male,2206, United-States, <=50K
54, HS-grad,9, Married-civ-spouse, Adm-clerical, Black, Male,0, United-States, <=50K
53, Preschool,1, Never-married, Machine-op-inspct, White, Female,0, United-States, <=50K
18, HS-grad,9, Never-married, Sales, White, Female,0, United-States, <=50K
60, 10th,6, Divorced, ?, Amer-Indian-Eskimo, Female,0, United-States, <=50K
66, HS-grad,9, Married-civ-spouse, Farming-fishing, White, Male,0, United-States, <=50K
75, Assoc-voc,11, Widowed, Adm-clerical, White, Female,0, Columbia, <=50K
65, HS-grad,9, Divorced, Adm-clerical, White, Female,0, United-States, <=50K
35, 11th,7, Separated, Transport-moving, Black, Male,0, United-States, <=50K
41, HS-grad,9, Divorced, Sales, Black, Female,0, United-States, <=50K
25, Some-college,10, Never-married, Adm-clerical, White, Male,0, United-States, <=50K
33, Some-college,10, Divorced, Craft-repair, Other, Female,0, United-States, <=50K
28, Prof-school,15, Never-married, Prof-specialty, White, Male,0, United-States, >50K
59, HS-grad,9, Married-civ-spouse, Other-service, White, Male,0, United-States, <=50K
40, Some-college,10, Never-married, Adm-clerical, White, Female,0, United-States, <=50K
41, Bachelors,13, Married-civ-spouse, Exec-managerial, White, Male,0, Iran, >50K
38, Masters,14, Married-civ-spouse, Exec-managerial, White, Male,0, United-States, >50K
23, HS-grad,9, Never-married, Transport-moving, White, Male,0, United-States, <=50K
40, Bachelors,13, Married-civ-spouse, Prof-specialty, White, Male,0, United-States, >50K
41, HS-grad,9, Married-civ-spouse, Other-service, White, Female,0, United-States, <=50K
24, Assoc-acdm,12, Married-civ-spouse, Protective-serv, White, Male,0, United-States, <=50K
20, Some-college,10, Never-married, ?, White, Male,0, United-States, <=50K
38, Some-college,10, Divorced, Craft-repair, White, Male,1741, United-States, <=50K
56, HS-grad,9, Married-civ-spouse, Adm-clerical, White, Male,0, ?, <=50K
58, HS-grad,9, Married-civ-spouse, Adm-clerical, White, Male,0, United-States, >50K
32, HS-grad,9, Never-married, Other-service, White, Female,0, United-States, <=50K
40, Assoc-acdm,12, Married-civ-spouse, Tech-support, White, Male,1977, United-States, >50K
45, HS-grad,9, Married-civ-spouse, Adm-clerical, White, Male,0, ?, <=50K
41, Prof-school,15, Married-civ-spouse, Prof-specialty, White, Female,0, United-States, >50K
42, Bachelors,13, Married-civ-spouse, Adm-clerical, Black, Female,0, United-States, <=50K
59, 10th,6, Widowed, Other-service, Black, Female,0, United-States, <=50K
19, Some-college,10, Never-married, Adm-clerical, White, Male,0, United-States, <=50K
58, Some-college,10, Never-married, Transport-moving, White, Male,0, United-States, <=50K
42, HS-grad,9, Married-civ-spouse, Farming-fishing, Asian-Pac-Islander, Male,0, Cambodia, >50K
20, HS-grad,9, Never-married, Other-service, White, Female,0, United-States, <=50K
32, HS-grad,9, Separated, Other-service, White, Female,0, United-States, <=50K
45, Assoc-voc,11, Widowed, Exec-managerial, White, Female,0, United-States, <=50K
50, 7th-8th,4, Divorced, Craft-repair, White, Male,0, United-States, <=50K
36, Bachelors,13, Divorced, Prof-specialty, White, Female,0, United-States, <=50K
45, HS-grad,9, Married-civ-spouse, Sales, White, Male,0, United-States, <=50K
17, 11th,7, Never-married, Other-service, White, Male,0, United-States, <=50K
59, Some-college,10, Married-civ-spouse, Sales, White, Male,0, United-States, <=50K
26, 11th,7, Married-civ-spouse, Craft-repair, White, Male,0, United-States, <=50K
37, Some-college,10, Married-civ-spouse, Exec-managerial, Asian-Pac-Islander, Male,0, Thailand, >50K
19, Some-college,10, Never-married, ?, White, Male,0, Canada, <=50K
64, HS-grad,9, Married-civ-spouse, Exec-managerial, White, Male,0, United-States, >50K
33, Bachelors,13, Never-married, Prof-specialty, White, Female,0, United-States, <=50K
33, HS-grad,9, Married-civ-spouse, Craft-repair, White, Female,0, United-States, >50K
61, HS-grad,9, Married-civ-spouse, Exec-managerial, White, Male,0, United-States, >50K
17, 9th,5, Never-married, Other-service, White, Male,0, United-States, <=50K
50, Masters,14, Married-civ-spouse, Farming-fishing, White, Male,0, United-States, <=50K
27, Masters,14, Never-married, Prof-specialty, White, Male,0, United-States, <=50K
30, HS-grad,9, Divorced, Prof-specialty, White, Female,0, United-States, <=50K
43, HS-grad,9, Married-civ-spouse, Handlers-cleaners, Black, Male,0, United-States, <=50K
44, Some-college,10, Married-civ-spouse, Craft-repair, White, Male,0, United-States, >50K
35, Some-college,10, Never-married, Exec-managerial, White, Female,0, United-States, <=50K
25, Some-college,10, Never-married, Tech-support, White, Female,0, United-States, <=50K
24, Some-college,10, Married-civ-spouse, Machine-op-inspct, White, Female,0, United-States, >50K
22, Bachelors,13, Never-married, Prof-specialty, White, Female,0, Germany, <=50K
42, Some-college,10, Married-civ-spouse, Craft-repair, White, Male,0, United-States, >50K
34, Assoc-acdm,12, Divorced, Sales, Black, Female,0, United-States, <=50K
60, Bachelors,13, Divorced, Prof-specialty, White, Female,0, United-States, <=50K
21, HS-grad,9, Never-married, Handlers-cleaners, White, Male,0, United-States, <=50K
57, Masters,14, Married-civ-spouse, Sales, White, Male,0, United-States, >50K
41, Prof-school,15, Married-civ-spouse, Prof-specialty, White, Male,0, United-States, >50K
50, Some-college,10, Divorced, Other-service, White, Male,0, United-States, <=50K
25, Bachelors,13, Never-married, Exec-managerial, White, Female,0, United-States, <=50K
50, 7th-8th,4, Married-civ-spouse, Craft-repair, White, Male,0, Ecuador, <=50K
36, Bachelors,13, Married-civ-spouse, Prof-specialty, White, Male,0, United-States, <=50K
31, HS-grad,9, Divorced, Prof-specialty, White, Female,0, United-States, <=50K
29, Bachelors,13, Never-married, Protective-serv, White, Male,0, United-States, <=50K
21, Some-college,10, Never-married, Sales, White, Male,0, United-States, <=50K
27, Bachelors,13, Never-married, Tech-support, Black, Female,0, United-States, <=50K
65, HS-grad,9, Married-civ-spouse, Transport-moving, White, Male,0, United-States, <=50K
37, Bachelors,13, Divorced, Sales, White, Female,0, United-States, <=50K
39, Masters,14, Married-civ-spouse, ?, Asian-Pac-Islander, Female,0, ?, <=50K
24, HS-grad,9, Never-married, Craft-repair, White, Male,0, United-States, <=50K
38, HS-grad,9, Divorced, Sales, White, Male,0, United-States, <=50K
48, Bachelors,13, Married-civ-spouse, Adm-clerical, White, Male,0, United-States, >50K
21, Some-college,10, Never-married, Other-service, Asian-Pac-Islander, Female,0, United-States, <=50K
31, HS-grad,9, Married-civ-spouse, Transport-moving, White, Male,0, United-States, >50K
55, HS-grad,9, Married-civ-spouse, Sales, White, Male,0, United-States, >50K
24, Some-college,10, Married-civ-spouse, Adm-clerical, Asian-Pac-Islander, Female,0, Laos, <=50K
43, HS-grad,9, Divorced, Adm-clerical, White, Female,0, United-States, <=50K
26, Assoc-acdm,12, Never-married, Tech-support, White, Male,0, United-States, <=50K
46, Assoc-acdm,12, Never-married, Prof-specialty, White, Female,0, United-States, <=50K
35, Assoc-acdm,12, Married-civ-spouse, Adm-clerical, White, Male,0, United-States, >50K
41, Some-college,10, Married-civ-spouse, Farming-fishing, White, Male,0, United-States, >50K
26, Bachelors,13, Never-married, Sales, White, Male,0, United-States, <=50K
34, Masters,14, Married-civ-spouse, Exec-managerial, Asian-Pac-Islander, Male,0, Taiwan, >50K
19, Some-college,10, Never-married, ?, Black, Female,0, United-States, <=50K
36, Bachelors,13, Divorced, Prof-specialty, Black, Female,0, United-States, >50K
22, Some-college,10, Never-married, Sales, White, Male,0, United-States, <=50K
24, Some-college,10, Never-married, Machine-op-inspct, White, Male,0, United-States, <=50K
77, Some-college,10, Married-civ-spouse, Sales, White, Male,0, United-States, <=50K
22, 5th-6th,3, Married-civ-spouse, Machine-op-inspct, White, Female,0, Mexico, <=50K
29, Some-college,10, Never-married, Tech-support, White, Female,0, United-States, <=50K
62, HS-grad,9, Widowed, Other-service, White, Female,0, United-States, <=50K
39, HS-grad,9, Married-civ-spouse, Exec-managerial, White, Male,0, United-States, <=50K
43, Some-college,10, Married-civ-spouse, Craft-repair, White, Male,1485, United-States, <=50K
35, HS-grad,9, Divorced, Transport-moving, White, Male,0, United-States, <=50K
29, 11th,7, Never-married, Exec-managerial, White, Female,0, United-States, <=50K
76, Masters,14, Married-civ-spouse, Craft-repair, White, Male,0, United-States, <=50K
63, HS-grad,9, Married-civ-spouse, Farming-fishing, White, Male,0, United-States, <=50K
23, Assoc-voc,11, Never-married, ?, Black, Female,0, United-States, <=50K
43, Some-college,10, Married-civ-spouse, Prof-specialty, White, Female,1887, United-States, >50K
58, HS-grad,9, Married-civ-spouse, Handlers-cleaners, White, Male,0, United-States, <=50K
66, HS-grad,9, Never-married, Transport-moving, White, Male,0, United-States, <=50K
41, Some-college,10, Never-married, Craft-repair, Black, Male,0, United-States, <=50K
26, Bachelors,13, Never-married, Adm-clerical, White, Male,0, United-States, <=50K
47, Assoc-voc,11, Never-married, Other-service, White, Male,0, United-States, <=50K
55, 10th,6, Married-civ-spouse, Adm-clerical, White, Male,0, United-States, <=50K
53, HS-grad,9, Married-civ-spouse, Transport-moving, White, Male,0, United-States, <=50K
17, 5th-6th,3, Never-married, Other-service, White, Male,0, Mexico, <=50K
30, HS-grad,9, Never-married, Craft-repair, White, Male,0, United-States, <=50K
49, Masters,14, Never-married, Prof-specialty, White, Male,0, United-States, <=50K
19, HS-grad,9, Never-married, Sales, Black, Male,0, Haiti, <=50K
45, HS-grad,9, Married-civ-spouse, Other-service, Black, Male,0, United-States, <=50K
26, Assoc-acdm,12, Never-married, Sales, White, Male,0, United-States, <=50K
38, Assoc-voc,11, Married-civ-spouse, Craft-repair, White, Male,0, United-States, >50K
36, HS-grad,9, Married-civ-spouse, Protective-serv, White, Male,0, United-States, >50K
33, HS-grad,9, Never-married, Farming-fishing, White, Male,0, United-States, <=50K
22, Some-college,10, Never-married, Protective-serv, Black, Female,0, United-States, <=50K
43, Bachelors,13, Never-married, Sales, White, Male,0, United-States, <=50K
67, 11th,7, Married-civ-spouse, ?, White, Male,0, United-States, <=50K
30, Assoc-voc,11, Divorced, ?, White, Female,0, United-States, <=50K
56, Assoc-acdm,12, Married-spouse-absent, Other-service, White, Male,0, Iran, <=50K
31, Bachelors,13, Never-married, Prof-specialty, White, Male,0, United-States, <=50K
33, Bachelors,13, Married-civ-spouse, Exec-managerial, White, Male,0, United-States, >50K
26, HS-grad,9, Married-civ-spouse, Other-service, White, Male,0, United-States, <=50K
33, Bachelors,13, Married-civ-spouse, Exec-managerial, White, Male,0, United-States, >50K
46, 11th,7, Married-civ-spouse, Transport-moving, White, Male,0, United-States, <=50K
59, Bachelors,13, Married-civ-spouse, ?, White, Male,0, United-States, >50K
38, HS-grad,9, Married-civ-spouse, Adm-clerical, White, Male,0, United-States, >50K
65, 11th,7, Widowed, Other-service, Other, Male,0, United-States, <=50K
40, Assoc-voc,11, Married-civ-spouse, Tech-support, White, Male,0, United-States, >50K
42, HS-grad,9, Married-civ-spouse, Adm-clerical, White, Female,0, United-States, <=50K
26, 9th,5, Married-civ-spouse, Craft-repair, White, Male,0, Portugal, <=50K
36, 10th,6, Married-civ-spouse, Other-service, White, Female,0, United-States, <=50K
62, Masters,14, Married-civ-spouse, Prof-specialty, White, Male,0, United-States, >50K
43, Bachelors,13, Married-civ-spouse, Transport-moving, White, Male,0, United-States, <=50K
43, Bachelors,13, Divorced, Exec-managerial, White, Male,1564, United-States, >50K
22, HS-grad,9, Married-spouse-absent, Sales, White, Male,0, United-States, <=50K
28, HS-grad,9, Married-civ-spouse, Craft-repair, White, Male,0, United-States, <=50K
56, Some-college,10, Married-civ-spouse, Sales, White, Male,0, United-States, <=50K
22, Assoc-acdm,12, Never-married, Sales, White, Female,0, United-States, <=50K
57, Bachelors,13, Divorced, Exec-managerial, White, Female,0, United-States, >50K
39, HS-grad,9, Divorced, Sales, White, Female,0, United-States, <=50K
26, Some-college,10, Never-married, Adm-clerical, White, Female,0, United-States, <=50K
17, 11th,7, Never-married, Other-service, White, Male,0, United-States, <=50K
40, Assoc-voc,11, Married-civ-spouse, Machine-op-inspct, White, Male,0, United-States, >50K
45, HS-grad,9, Married-civ-spouse, Machine-op-inspct, Black, Male,0, United-States, <=50K
44, HS-grad,9, Never-married, Craft-repair, Black, Male,0, United-States, <=50K
20, Some-college,10, Never-married, Adm-clerical, White, Female,0, United-States, <=50K
33, HS-grad,9, Married-civ-spouse, Craft-repair, White, Female,0, United-States, <=50K
23, Some-college,10, Never-married, Sales, White, Male,0, United-States, <=50K
46, Masters,14, Divorced, Exec-managerial, White, Male,0, United-States, <=50K
38, HS-grad,9, Married-civ-spouse, Sales, White, Male,0, United-States, <=50K
54, HS-grad,9, Divorced, Transport-moving, White, Male,0, United-States, <=50K
46, 5th-6th,3, Divorced, Craft-repair, White, Female,2339, United-States, <=50K
25, Some-college,10, Married-civ-spouse, Craft-repair, White, Male,0, United-States, <=50K
46, Some-college,10, Divorced, Sales, White, Female,0, United-States, <=50K
36, Some-college,10, Married-civ-spouse, Transport-moving, White, Female,0, United-States, <=50K
23, HS-grad,9, Never-married, Other-service, White, Female,0, United-States, <=50K
29, HS-grad,9, Separated, Machine-op-inspct, White, Male,0, United-States, <=50K
44, Some-college,10, Married-civ-spouse, Adm-clerical, White, Female,2415, United-States, >50K
19, Some-college,10, Never-married, Adm-clerical, White, Female,0, United-States, <=50K
19, HS-grad,9, Never-married, Other-service, White, Female,0, United-States, <=50K
35, HS-grad,9, Married-civ-spouse, Other-service, White, Female,0, United-States, >50K
27, Bachelors,13, Never-married, Craft-repair, White, Male,0, United-States, <=50K
46, Assoc-acdm,12, Separated, Craft-repair, White, Male,0, United-States, <=50K
34, Bachelors,13, Married-civ-spouse, Exec-managerial, White, Male,0, ?, >50K
34, HS-grad,9, Never-married, Other-service, White, Female,0, United-States, <=50K
44, Some-college,10, Married-civ-spouse, Tech-support, White, Male,0, United-States, <=50K
45, Some-college,10, Divorced, Handlers-cleaners, White, Female,0, United-States, <=50K
20, HS-grad,9, Never-married, ?, White, Female,0, United-States, <=50K
25, Bachelors,13, Married-civ-spouse, Exec-managerial, White, Male,0, United-States, >50K
52, Bachelors,13, Married-civ-spouse, Exec-managerial, White, Male,0, United-States, >50K
20, Some-college,10, Never-married, Handlers-cleaners, White, Male,0, United-States, <=50K
28, Some-college,10, Never-married, Other-service, White, Female,0, United-States, <=50K
50, Bachelors,13, Married-civ-spouse, Protective-serv, White, Male,0, United-States, >50K
34, Assoc-voc,11, Divorced, Tech-support, White, Female,0, United-States, <=50K
28, 7th-8th,4, Married-civ-spouse, Handlers-cleaners, Other, Male,2179, Puerto-Rico, <=50K
41, Masters,14, Married-civ-spouse, Exec-managerial, White, Male,1977, United-States, >50K
28, HS-grad,9, Married-civ-spouse, Adm-clerical, White, Male,0, United-States, <=50K
46, HS-grad,9, Married-civ-spouse, Craft-repair, White, Male,0, United-States, <=50K
28, Some-college,10, Married-civ-spouse, ?, White, Female,1887, United-States, >50K
32, Some-college,10, Married-civ-spouse, Exec-managerial, White, Male,0, United-States, <=50K
41, Some-college,10, Divorced, Other-service, Black, Female,0, United-States, <=50K
24, HS-grad,9, Never-married, Handlers-cleaners, Black, Female,0, United-States, <=50K
33, Some-college,10, Divorced, Exec-managerial, White, Female,0, United-States, <=50K
46, Doctorate,16, Married-civ-spouse, Exec-managerial, White, Male,0, United-States, >50K
31, Some-college,10, Married-civ-spouse, Machine-op-inspct, White, Male,0, United-States, <=50K
35, 12th,8, Divorced, Craft-repair, White, Male,0, United-States, >50K
52, 1st-4th,2, Married-civ-spouse, Machine-op-inspct, White, Male,0, Mexico, <=50K
30, 11th,7, Never-married, Other-service, White, Female,0, United-States, <=50K
34, 11th,7, Separated, Machine-op-inspct, Black, Male,0, United-States, <=50K
34, HS-grad,9, Divorced, Transport-moving, White, Female,0, United-States, <=50K
20, Some-college,10, Married-civ-spouse, Sales, White, Male,0, United-States, <=50K
17, 11th,7, Never-married, Handlers-cleaners, White, Male,0, United-States, <=50K
32, Bachelors,13, Married-civ-spouse, Exec-managerial, White, Female,0, United-States, >50K
29, HS-grad,9, Divorced, Farming-fishing, White, Male,0, United-States, <=50K
33, 10th,6, Never-married, Craft-repair, White, Female,0, United-States, <=50K
25, HS-grad,9, Married-civ-spouse, Transport-moving, White, Male,0, United-States, <=50K
36, Masters,14, Never-married, Prof-specialty, White, Male,1408, United-States, <=50K
23, HS-grad,9, Never-married, Handlers-cleaners, White, Male,0, Dominican-Republic, <=50K
63, HS-grad,9, Married-civ-spouse, Exec-managerial, White, Male,0, United-States, >50K
47, Masters,14, Married-civ-spouse, Prof-specialty, White, Male,0, United-States, <=50K
80, HS-grad,9, Widowed, ?, White, Male,0, United-States, <=50K
17, 11th,7, Never-married, ?, White, Male,0, United-States, <=50K
40, Bachelors,13, Married-spouse-absent, Prof-specialty, White, Female,0, United-States, <=50K
30, Assoc-acdm,12, Married-civ-spouse, Other-service, White, Female,0, United-States, >50K
27, Some-college,10, Never-married, Craft-repair, Asian-Pac-Islander, Male,1980, Philippines, <=50K
33, Masters,14, Married-civ-spouse, Prof-specialty, White, Male,0, United-States, >50K
34, HS-grad,9, Never-married, Farming-fishing, Black, Male,0, United-States, <=50K
34, Some-college,10, Never-married, Protective-serv, White, Female,0, United-States, <=50K
23, Some-college,10, Married-civ-spouse, Adm-clerical, White, Male,0, United-States, <=50K
42, Some-college,10, Married-civ-spouse, Adm-clerical, White, Female,0, United-States, <=50K
29, Bachelors,13, Never-married, Prof-specialty, White, Male,0, United-States, <=50K
45, HS-grad,9, Divorced, Adm-clerical, White, Female,0, United-States, <=50K
24, HS-grad,9, Never-married, Armed-Forces, White, Male,0, United-States, <=50K
44, Some-college,10, Married-civ-spouse, Prof-specialty, White, Male,0, United-States, >50K
27, 9th,5, Never-married, Craft-repair, White, Male,0, Mexico, <=50K
20, Some-college,10, Never-married, Sales, White, Male,0, United-States, <=50K
44, HS-grad,9, Widowed, Exec-managerial, Black, Female,0, United-States, <=50K
51, HS-grad,9, Married-civ-spouse, Craft-repair, Amer-Indian-Eskimo, Male,0, United-States, <=50K
20, HS-grad,9, Married-civ-spouse, Machine-op-inspct, White, Male,0, United-States, <=50K
17, 11th,7, Never-married, ?, White, Female,0, United-States, <=50K
19, HS-grad,9, Never-married, Machine-op-inspct, Black, Female,0, United-States, <=50K
45, Some-college,10, Married-civ-spouse, Craft-repair, White, Male,0, United-States, >50K
60, HS-grad,9, Married-civ-spouse, Craft-repair, White, Male,0, United-States, >50K
42, Assoc-acdm,12, Married-civ-spouse, Exec-managerial, Black, Male,0, ?, >50K
44, HS-grad,9, Married-civ-spouse, Sales, White, Female,0, United-States, >50K
40, Assoc-voc,11, Married-civ-spouse, Machine-op-inspct, Asian-Pac-Islander, Male,0, United-States, >50K
30, HS-grad,9, Married-civ-spouse, Exec-managerial, White, Female,0, United-States, <=50K
38, Some-college,10, Married-civ-spouse, Transport-moving, Black, Male,0, United-States, <=50K
23, HS-grad,9, Married-civ-spouse, Transport-moving, White, Male,0, United-States, <=50K
32, Some-college,10, Married-civ-spouse, ?, White, Male,0, United-States, <=50K
44, Assoc-acdm,12, Never-married, Farming-fishing, White, Male,0, United-States, <=50K
54, HS-grad,9, Married-civ-spouse, Transport-moving, Black, Male,0, United-States, <=50K
32, Bachelors,13, Married-civ-spouse, Prof-specialty, White, Male,0, United-States, <=50K
50, 1st-4th,2, Married-spouse-absent, Craft-repair, White, Male,0, United-States, <=50K
24, Bachelors,13, Never-married, Tech-support, White, Female,0, United-States, <=50K
37, HS-grad,9, Married-civ-spouse, Adm-clerical, White, Female,0, United-States, <=50K
52, HS-grad,9, Divorced, Transport-moving, White, Male,0, United-States, <=50K
38, Some-college,10, Married-civ-spouse, Transport-moving, White, Male,0, United-States, <=50K
49, Masters,14, Married-civ-spouse, Exec-managerial, White, Male,1977, United-States, >50K
30, Bachelors,13, Married-civ-spouse, Tech-support, White, Female,0, United-States, >50K
60, Some-college,10, Never-married, Prof-specialty, White, Male,0, United-States, >50K
22, Some-college,10, Never-married, ?, White, Male,0, United-States, <=50K
35, HS-grad,9, Never-married, Craft-repair, White, Male,0, United-States, <=50K
30, HS-grad,9, Never-married, Transport-moving, White, Male,0, United-States, <=50K
67, Assoc-voc,11, Divorced, Other-service, White, Female,0, United-States, <=50K
46, Bachelors,13, Never-married, Craft-repair, White, Female,0, United-States, <=50K
17, 9th,5, Never-married, Other-service, White, Male,0, United-States, <=50K
22, Some-college,10, Never-married, Handlers-cleaners, White, Male,0, United-States, <=50K
27, 10th,6, Never-married, Other-service, White, Male,0, United-States, <=50K
23, HS-grad,9, Never-married, Other-service, White, Female,0, United-States, <=50K
33, Assoc-acdm,12, Married-civ-spouse, Craft-repair, White, Male,0, Portugal, <=50K
43, Some-college,10, Married-civ-spouse, Craft-repair, White, Male,0, United-States, <=50K
28, Bachelors,13, Never-married, Prof-specialty, White, Male,0, United-States, <=50K
41, HS-grad,9, Married-spouse-absent, Craft-repair, White, Female,0, United-States, <=50K
52, 12th,8, Never-married, ?, Black, Male,0, United-States, <=50K
25, Some-college,10, Married-spouse-absent, Adm-clerical, Black, Female,0, United-States, <=50K
63, 1st-4th,2, Married-civ-spouse, ?, White, Male,0, United-States, <=50K
59, HS-grad,9, Married-civ-spouse, Transport-moving, White, Male,0, United-States, <=50K
45, Bachelors,13, Divorced, Prof-specialty, White, Female,0, United-States, <=50K
38, Bachelors,13, Married-civ-spouse, Sales, White, Male,0, United-States, >50K
40, HS-grad,9, Never-married, Other-service, White, Female,0, United-States, <=50K
46, HS-grad,9, Divorced, Adm-clerical, White, Male,0, United-States, <=50K
35, Assoc-acdm,12, Never-married, Exec-managerial, White, Female,0, United-States, <=50K
34, HS-grad,9, Divorced, Prof-specialty, White, Female,0, United-States, <=50K
33, Bachelors,13, Never-married, Craft-repair, White, Male,0, United-States, <=50K
41, HS-grad,9, Divorced, Adm-clerical, White, Female,0, United-States, <=50K
20, Some-college,10, Never-married, Machine-op-inspct, White, Male,0, United-States, <=50K
23, 5th-6th,3, Never-married, Other-service, White, Male,0, El-Salvador, <=50K
26, Some-college,10, Never-married, Prof-specialty, White, Female,0, United-States, <=50K
72, HS-grad,9, Married-civ-spouse, ?, White, Male,0, United-States, <=50K
