Slade Cross,39, Bachelors,(881) 752-1962, Never-married, Adm-clerical, White, Male,MK05444224124333242,Norway
Paki Randolph,50, Bachelors,(243) 301-4398, Married-civ-spouse, Exec-managerial, White, Male,FO0957621885108418,Spain
Cody Simon,38, HS-grad,(443) 441-5991, Divorced, Handlers-cleaners, White, Male,RS51825727671018385513,Ireland
Yetta Cotton,53, 11th,(381) 453-8879, Married-civ-spouse, Handlers-cleaners, Black, Male,GE26186724711813568987,Sweden
Winifred Myers,28, Bachelors,(422) 758-9745, Married-civ-spouse, Prof-specialty, Black, Female,GB27XOQH41883629122302,Austria
Clayton Jackson,37, Masters,(948) 425-8711, Married-civ-spouse, Exec-managerial, White, Female,GR5341981775441597216646865,South Africa
Guy Knox,49, 9th,1-727-737-7377, Married-spouse-absent, Other-service, Black, Female,IT037VYSDI74673902052023164,Nigeria
Hammett Dodson,52, HS-grad,1-431-297-4415, Married-civ-spouse, Exec-managerial, White, Male,GR0458067125820836571142695,Sweden
Tara Bruce,31, Masters,(824) 809-2224, Never-married, Prof-specialty, White, Female,EE533568214675232616,Mexico
Stone Williamson,42, Bachelors,1-154-153-7912, Married-civ-spouse, Exec-managerial, White, Male,GT24821312670269284507819532,Canada
Donovan Deleon,37, Some-college,(874) 792-2518, Married-civ-spouse, Exec-managerial, Black, Male,VG6062641802373885575465,Pakistan
Kamal Kline,30, Bachelors,1-457-324-1358, Married-civ-spouse, Prof-specialty, Asian-Pac-Islander, Male,ME79346822318471113703,Singapore
Tad Robbins,23, Bachelors,(627) 982-6484, Never-married, Adm-clerical, White, Female,FO9521842859958562,Brazil
Ashely Espinoza,32, Assoc-acdm,(839) 661-5714, Never-married, Sales, Black, Male,GT86230531778684873117426718,Germany
Luke Bright,40, Assoc-voc,1-475-866-8433, Married-civ-spouse, Craft-repair, Asian-Pac-Islander, Male,PL98164517528348711229661897,Colombia
Wyatt Hancock,34, 7th-8th,(765) 851-6542, Married-civ-spouse, Transport-moving, Amer-Indian-Eskimo, Male,DE32315587444116855551,Poland
Hu Medina,25, HS-grad,(894) 832-7571, Never-married, Farming-fishing, White, Male,IS076619818567643377721686,Mexico
Carson Pennington,32, HS-grad,1-294-251-5126, Never-married, Machine-op-inspct, White, Male,LI2328868456231151735,Pakistan
Nyssa Abbott,38, 11th,1-362-648-4768, Married-civ-spouse, Sales, White, Male,TN6144468928252861302524,Belgium
Margaret Whitley,43, Masters,(349) 774-6225, Divorced, Exec-managerial, White, Female,KW3184645306114185169537582429,Belgium
Faith Tillman,40, Doctorate,1-562-248-8892, Married-civ-spouse, Prof-specialty, White, Male,AE947532755449353771849,Colombia
Autumn Chan,54, HS-grad,1-440-372-2333, Separated, Other-service, Black, Female,VG6619472791712588695770,Italy
Lana Harvey,35, 9th,1-821-327-8619, Married-civ-spouse, Farming-fishing, Black, Male,PS377732471532376480069384845,Ukraine
Celeste Ross,43, 11th,1-755-363-3720, Married-civ-spouse, Transport-moving, White, Male,EE248117669445863317,Ireland
Arden Doyle,59, HS-grad,(727) 423-1364, Divorced, Tech-support, White, Female,PK9679273079341225124206,Netherlands
Mara Hensley,56, Bachelors,(867) 520-8257, Married-civ-spouse, Tech-support, White, Male,PT81859521564696278551187,Vietnam
Thor Salazar,19, HS-grad,1-248-289-3820, Never-married, Craft-repair, White, Male,AT399878749193767667,Turkey
Thane Jefferson,54, Some-college,1-154-634-2293, Married-civ-spouse, ?, Asian-Pac-Islander, Male,LT487022513632460434,Philippines
Vincent Hurst,39, HS-grad,(474) 565-8217, Divorced, Exec-managerial, White, Male,FI9816046403281337,New Zealand
Aline Decker,49, HS-grad,1-201-284-1176, Married-civ-spouse, Craft-repair, White, Male,CY89377735118966996673537572,Belgium
Colin Dean,23, Assoc-acdm,1-785-458-5036, Never-married, Protective-serv, White, Male,FR3382673503336930571633789,Poland
Tate Terrell,20, Some-college,1-265-908-4758, Never-married, Sales, Black, Male,RO63LDNR0119505156554424,Mexico
Simon Morrow,45, Bachelors,(245) 284-0212, Divorced, Exec-managerial, White, Male,ME71740861141804212444,Canada
Kato Lambert,30, Some-college,1-936-151-8132, Married-civ-spouse, Adm-clerical, White, Male,SA8751786162669079813470,Poland
Ryan English,22, Some-college,1-313-222-6221, Married-civ-spouse, Other-service, Black, Male,ES6920479256214028333203,Brazil
Connor Maynard,48, 11th,1-407-379-8192, Never-married, Machine-op-inspct, White, Male,LU341383961049784316,Norway
Amena Burke,21, Some-college,(624) 801-7190, Never-married, Machine-op-inspct, White, Male,AZ39999673515277918924265232,Vietnam
Sylvester Hardy,19, HS-grad,(958) 652-1622, Married-AF-spouse, Adm-clerical, White, Female,LT479088413843356116,Mexico
Mikayla Bonner,31, Some-college,1-277-758-5623, Married-civ-spouse, Sales, White, Male,BH83323376676675948607,France
Isabelle Houston,48, Assoc-acdm,1-590-788-3662, Married-civ-spouse, Prof-specialty, White, Male,MR4076423041550724137512498,Belgium
Heather Montgomery,31, 9th,(343) 862-6452, Married-civ-spouse, Machine-op-inspct, White, Male,SM1164383921884222626590155,Germany
Octavius Adkins,53, Bachelors,(823) 728-0846, Married-civ-spouse, Prof-specialty, White, Male,VG7177214761853856387212,Austria
Prescott Rowland,24, Bachelors,(223) 951-1483, Married-civ-spouse, Tech-support, White, Male,BE89746701780743,China
Amena Garrett,49, HS-grad,1-350-552-6977, Separated, Adm-clerical, White, Female,DO14414818252928272697227436,Indonesia
Ralph Griffin,25, HS-grad,(281) 394-6617, Never-married, Handlers-cleaners, White, Male,MC2828762307872862366267794,Nigeria
Jana Burnett,57, Bachelors,(415) 342-3339, Married-civ-spouse, Prof-specialty, Black, Male,SI55157566292463815,Norway
Regina Potts,53, HS-grad,(455) 855-7876, Married-civ-spouse, Machine-op-inspct, White, Male,DE03839539240852272355,Russian Federation
Hannah Petty,44, Masters,(366) 945-6114, Divorced, Exec-managerial, White, Female,AT158610593861967177,India
Rylee Vega,41, Assoc-voc,1-882-816-7531, Married-civ-spouse, Craft-repair, White, Male,LU903974760125914426,China
Allen Preston,29, Assoc-voc,1-852-466-1814, Never-married, Prof-specialty, White, Male,CH6053748111634259767,Norway
John Dudley,25, Some-college,(394) 847-4248, Married-civ-spouse, Exec-managerial, Other, Female,GE43472946616354685658,Netherlands
Brynne Glenn,18, HS-grad,(948) 443-2732, Never-married, Other-service, White, Female,LB54588641978927945384131242,Poland
Portia King,47, Prof-school,(721) 622-5681, Married-civ-spouse, Prof-specialty, White, Female,TN6931719068204636278638,Mexico
George Simmons,50, Bachelors,(946) 827-1351, Divorced, Exec-managerial, White, Male,KZ565311618808217935,China
Anika Wells,47, HS-grad,(862) 752-6135, Divorced, Exec-managerial, White, Male,FI2931855338770566,Ukraine
Gail Wilkinson,43, Some-college,1-716-158-0865, Married-civ-spouse, Tech-support, White, Male,FO9178716480154628,Pakistan
Barbara Dalton,46, 5th-6th,1-854-246-4359, Married-civ-spouse, Machine-op-inspct, White, Male,SI02217431288357536,Philippines
Anthony Mckee,35, Assoc-voc,(377) 614-2223, Married-civ-spouse, Other-service, White, Male,NO1962780133864,Pakistan
Aurora Newton,41, HS-grad,1-138-723-2411, Married-civ-spouse, Adm-clerical, White, Male,PS565615322972612138091446947,South Africa
Graham Orr,30, HS-grad,1-466-942-9851, Married-civ-spouse, Machine-op-inspct, White, Male,LB75061109843867954042913247,Ukraine
Holly Hernandez,30, Bachelors,1-888-519-2526, Married-civ-spouse, Sales, White, Male,MK91151034753587827,Netherlands
Lilah Harrell,32, 7th-8th,1-586-776-5364, Married-spouse-absent, ?, White, Male,MC9322155041435054838432842,India
Rhonda Richard,48, HS-grad,1-168-728-4760, Married-civ-spouse, Transport-moving, White, Male,RS39436356223488630645,Netherlands
Ariana Potter,42, Doctorate,1-174-532-4385, Married-civ-spouse, Prof-specialty, White, Male,MR7821866626314124407436432,Belgium
Martena Banks,29, Some-college,(358) 557-8641, Divorced, Tech-support, White, Male,KW5188618293011548669655788543,Mexico
Orlando Huff,36, HS-grad,1-853-327-0306, Married-civ-spouse, Craft-repair, White, Male,IS642143326504612407867623,India
Armand Boone,28, Some-college,(482) 917-3347, Divorced, Adm-clerical, White, Female,CY77423959253448067416477632,India
Ulric Torres,53, HS-grad,1-214-363-5432, Married-civ-spouse, Adm-clerical, White, Female,IS635763475317831514168395,Vietnam
Clare Silva,49, Some-college,1-256-331-4794, Married-civ-spouse, Exec-managerial, White, Male,GR5114113846767529734232641,South Korea
Nadine Kirkland,25, Some-college,1-153-733-3515, Never-married, ?, White, Male,CH2969623665691537547,Netherlands
Luke Perry,19, Some-college,(353) 871-6334, Never-married, Prof-specialty, White, Male,AL65573237598697249291065672,Mexico
Sarah Carpenter,31, Bachelors,(703) 443-0851, Separated, Sales, Black, Female,IT148JEWZI77514498274455252,Germany
Hyacinth Grant,29, Bachelors,1-317-248-5487, Married-civ-spouse, Sales, White, Male,VG1107921727313716395568,India
Leah Acosta,23, Some-college,1-237-216-2488, Never-married, Machine-op-inspct, White, Male,GI30DPWL279123432343497,Germany
Callum Dalton,79, Some-college,1-606-362-5287, Married-civ-spouse, Prof-specialty, White, Male,MT59UHKO33443425561517605507225,Nigeria
Lester Pena,27, HS-grad,1-945-235-3456, Never-married, Other-service, White, Male,LU948495833155818678,Brazil
Kylee Carter,40, Assoc-acdm,(635) 208-5758, Married-civ-spouse, Adm-clerical, White, Male,TR264229286582744827724980,Pakistan
Adrienne Zimmerman,67, 10th,(447) 556-3971, Married-civ-spouse, ?, White, Male,GL1646619085881775,Indonesia
Elijah Dunn,18, 11th,1-127-681-6580, Never-married, Other-service, White, Female,HR0395422519662335370,Indonesia
Ariel Rosa,31, 7th-8th,1-477-257-5805, Married-civ-spouse, Farming-fishing, White, Male,CH4461490474032381267,South Korea
Shelley Nichols,18, HS-grad,(250) 441-4652, Never-married, Sales, White, Male,MD7512491485466448123622,Germany
Steven Frank,52, Bachelors,1-945-359-0751, Married-civ-spouse, Other-service, White, Male,FO1146164884354581,Canada
Dylan Harrington,46, HS-grad,(750) 313-6568, Married-civ-spouse, Other-service, White, Female,LI1053187685825451585,Netherlands
Emma Moses,59, HS-grad,(235) 825-4463, Married-civ-spouse, Sales, White, Male,EE557117922974844478,Italy
Cynthia Lopez,44, HS-grad,1-548-221-3457, Divorced, Craft-repair, White, Female,PL79223390757222556020302245,Colombia
Nyssa Sutton,53, HS-grad,(527) 683-0148, Divorced, Sales, White, Female,GI76KYVP392938029074516,Pakistan
Rachel Chapman,49, HS-grad,1-886-902-5962, Married-civ-spouse, Protective-serv, White, Male,NO7880653249788,Belgium
Orlando Hutchinson,33, Masters,(486) 755-2544, Married-civ-spouse, Prof-specialty, White, Male,IT401YMBVI68829821204186248,United States
Amity Dunn,30, 9th,(531) 642-2850, Never-married, Sales, White, Male,DE52899354254281025632,France
Abraham Perez,43, Doctorate,1-566-374-5531, Never-married, Prof-specialty, White, Female,FO7754798396960272,Nigeria
Honorato Cochran,57, Assoc-voc,1-276-861-0383, Married-civ-spouse, Prof-specialty, White, Male,AT345057348058529252,Australia
Randall Morris,37, Some-college,1-488-866-3874, Divorced, Craft-repair, White, Female,GL8444669228246627,Ukraine
Elton Lowery,28, Some-college,1-738-357-1709, Divorced, Machine-op-inspct, Black, Female,MK66765824452272676,Russian Federation
Cheyenne Wolfe,30, HS-grad,(745) 565-5726, Married-civ-spouse, Sales, Asian-Pac-Islander, Female,LB75865475444986354197616659,Nigeria
Harding Duke,34, Bachelors,1-853-732-7835, Married-civ-spouse, Protective-serv, White, Male,HR1430944139834881030,Russian Federation
Noel Chang,29, Some-college,1-436-680-3278, Never-married, Handlers-cleaners, White, Male,GE34782646547292123828,Peru
Wyatt Turner,48, Doctorate,(824) 733-8531, Married-civ-spouse, Prof-specialty, White, Male,SK2825678594723400145274,France
Elliott Jennings,37, Some-college,(437) 685-9523, Married-civ-spouse, Sales, White, Male,PL94735125328595218617231165,Russian Federation
Justin Vaughan,48, Assoc-acdm,(594) 487-4842, Divorced, Exec-managerial, White, Female,ES8661446317248573615131,Colombia
Quemby Booth,32, HS-grad,1-481-349-2095, Never-married, Other-service, Black, Male,AE218943678292886683804,Poland
Quinlan Cameron,76, Masters,(325) 813-7961, Married-civ-spouse, Exec-managerial, White, Male,LT097007139772153244,Colombia
Fritz Mercer,44, Bachelors,1-849-463-0531, Married-civ-spouse, Exec-managerial, White, Male,DE59882259388410117557,Australia
Meredith O'connor,47, Masters,(258) 724-7872, Never-married, Prof-specialty, White, Female,GE57536313770281336588,Australia
Nolan Lara,20, Some-college,1-829-512-6259, Never-married, Tech-support, White, Female,RS76823723404873399379,China
Dara Rivera,29, HS-grad,(342) 615-6226, Never-married, Craft-repair, White, Male,LI1671695154542083720,United States
Alma Mcdaniel,32, HS-grad,(170) 967-6386, Married-civ-spouse, Craft-repair, White, Male,NL25JKEL4121214512,France
Linus Carr,17, 10th,1-226-101-8871, Never-married, ?, White, Female,MC9864121871323727821530783,Peru
Erich Bush,30, 11th,1-163-828-7752, Never-married, Handlers-cleaners, White, Male,AZ77785532303775295626504221,Turkey
Thaddeus Sparks,31, HS-grad,1-636-266-3081, Never-married, Adm-clerical, White, Female,TN2468682858138851423812,Germany
Fatima Meyer,42, HS-grad,1-421-646-6816, Married-civ-spouse, Handlers-cleaners, White, Male,LI5428154458776367937,China
Dorothy Solomon,24, Bachelors,1-612-849-3416, Never-married, Sales, White, Male,AZ13251622433177466445949785,Philippines
Tasha Marks,38, Prof-school,1-541-567-5609, Married-civ-spouse, Prof-specialty, White, Male,BG97ZRKO92160625788166,Poland
Maxwell Stokes,56, HS-grad,1-645-672-1683, Married-civ-spouse, Other-service, White, Male,CH7860395123462304876,Spain
Dalton Blackburn,28, Some-college,(773) 737-5303, Married-civ-spouse, Sales, White, Female,TN5721069626281352211551,Turkey
Ashely Baxter,36, HS-grad,(386) 862-3156, Never-married, Machine-op-inspct, White, Female,BG65BOJY56835797291915,Vietnam
Bo Reese,53, 9th,(581) 965-4792, Married-civ-spouse, Handlers-cleaners, White, Male,ES4688978591462556870564,Belgium
Harlan Kennedy,56, Some-college,(628) 774-4735, Married-civ-spouse, Sales, White, Male,MC8524582469668825178593615,Australia
Pandora Duran,49, Assoc-voc,(299) 260-0367, Married-civ-spouse, Craft-repair, Black, Male,RO64JGVL5645267306314231,Australia
Graham Porter,55, Some-college,1-846-514-5434, Married-civ-spouse, Sales, White, Male,PT86763241455387373812612,Nigeria
Zachery Sweeney,22, HS-grad,(453) 211-7567, Never-married, Craft-repair, White, Male,MT75DJFI31876583921143885356468,Germany
Sage Hamilton,21, Some-college,(646) 445-2294, Never-married, Other-service, White, Female,MC8511772181744787975057051,Belgium
Katelyn Wiggins,40, Bachelors,1-994-535-4224, Married-civ-spouse, Exec-managerial, White, Male,GT30151462175466958851452350,Sweden
Rogan Sullivan,30, Bachelors,(862) 591-8852, Never-married, Exec-managerial, Black, Male,IT651YVWSI66318562758267006,Turkey
Hanna Peterson,29, Bachelors,1-762-294-2168, Married-civ-spouse, Prof-specialty, White, Male,LT821285986849276203,China
Kenyon Rosario,19, Some-college,1-922-386-7362, Never-married, Other-service, Black, Male,PK0930217891513617675372,Germany
Craig Hubbard,47, Bachelors,1-533-534-3631, Married-civ-spouse, Exec-managerial, White, Female,HR0333665341880210455,New Zealand
Hamish Klein,20, Some-college,(435) 639-6894, Never-married, Adm-clerical, White, Female,MT40WFRF68754478723323263796495,Poland
Jackson Wilder,31, Assoc-acdm,1-945-528-1316, Married-civ-spouse, Adm-clerical, White, Male,HR4542550713278096333,Poland
Maxwell Garner,35, HS-grad,(655) 814-1287, Married-civ-spouse, ?, White, Male,EE375656470886627912,Russian Federation
Ronan Wagner,39, Some-college,(511) 311-9151, Divorced, Craft-repair, White, Male,MU7718513358955566207582209325,Philippines
Kaitlin Frost,28, Assoc-acdm,(647) 584-4436, Never-married, Sales, White, Female,CH4150737561881564842,Australia
Leilani Ball,24, HS-grad,(672) 888-7687, Never-married, Other-service, White, Female,AL86159614888768142121751516,France
Christian Brock,38, HS-grad,(561) 603-7865, Married-civ-spouse, Craft-repair, White, Male,PL88466673769632276601188893,Peru
Lynn Roberson,37, Bachelors,(384) 818-0321, Married-civ-spouse, Sales, White, Male,LB34250026341778877172364999,Costa Rica
Lois Sandoval,46, Assoc-acdm,(905) 551-2062, Divorced, Tech-support, Black, Female,IL656332792965186433646,New Zealand
Avram Spears,38, Masters,1-206-241-6033, Married-civ-spouse, Prof-specialty, White, Male,MR2881784725776668466623234,Poland
Guinevere Dejesus,43, HS-grad,1-508-276-7260, Married-civ-spouse, Craft-repair, White, Male,EE185326555317285232,Vietnam
Herrod Mccall,27, Assoc-voc,1-741-932-8182, Married-civ-spouse, Adm-clerical, White, Female,GE11341915387815538280,Vietnam
Farrah Fox,20, Some-college,(859) 762-5827, Never-married, Sales, White, Male,LI0887958049734224162,Philippines
Lillith Roach,49, Some-college,1-758-142-4877, Married-civ-spouse, Craft-repair, Asian-Pac-Islander, Male,ME91424728781678091891,Netherlands
Dominic Dotson,61, HS-grad,1-894-429-4615, Married-civ-spouse, Craft-repair, White, Male,NO1555629118851,Indonesia
Kennedy Meyer,27, Some-college,1-402-233-1653, Never-married, Sales, White, Female,SI27014378262231127,Canada
Noel Sweeney,19, Some-college,(388) 201-8577, Never-married, Other-service, White, Male,LT192335162343074358,Italy
Logan Irwin,45, Assoc-voc,(107) 116-0424, Never-married, Prof-specialty, White, Female,PK2192784567738159209818,Pakistan
Hashim Wyatt,70, Some-college,1-484-898-7865, Never-married, Tech-support, White, Male,IT844NWDAI75778751834689811,Nigeria
Gavin Norman,31, HS-grad,(461) 355-8749, Never-married, Transport-moving, Black, Female,BE11642441915408,Mexico
Hu Duran,22, Some-college,1-346-355-0864, Married-civ-spouse, Other-service, White, Male,GB70PKLW87373086942525,South Africa
Hayes Fischer,36, HS-grad,(461) 745-5607, Widowed, Other-service, White, Female,GE86609258837262847381,Russian Federation
Plato Whitley,64, 11th,(163) 616-1913, Married-civ-spouse, Craft-repair, White, Male,SA5952111256328029857742,Norway
Angela Benjamin,43, Some-college,1-726-281-0806, Divorced, ?, White, Female,LV19MKHC1487552743023,Poland
Helen Hurley,47, Some-college,1-641-871-5142, Divorced, Adm-clerical, White, Female,CY20321114641520044746382049,Germany
Alyssa Harmon,34, HS-grad,(993) 316-0672, Never-married, Adm-clerical, White, Female,MU6178089230243256311838473683,China
Yael Ruiz,33, Bachelors,(382) 721-5583, Never-married, Exec-managerial, Asian-Pac-Islander, Female,SI41162850566414753,Vietnam
Kennan Vance,21, HS-grad,1-602-775-1370, Never-married, Craft-repair, White, Male,BG19VGMG86747739484777,Turkey
Dawn Sharp,52, HS-grad,(321) 953-1258, Divorced, ?, White, Male,LI3989033601196387063,Australia
Karly Crosby,48, HS-grad,(912) 323-4522, Married-civ-spouse, Craft-repair, White, Male,GE62851864356713136068,France
Isaac Chase,23, Bachelors,1-141-341-8425, Never-married, Handlers-cleaners, White, Male,GR1258424767338012134746524,Russian Federation
Ronan Cox,71, Some-college,(618) 642-7852, Separated, Sales, Black, Male,SA6208339345844679605869,Australia
Summer Cross,29, HS-grad,(535) 892-8654, Divorced, Craft-repair, White, Male,GI40HJJW081476616817361,Indonesia
Jillian Mccarty,42, Bachelors,1-107-735-8655, Separated, Other-service, Black, Male,SA7482670013431824978626,Russian Federation
Eleanor Schneider,68, 1st-4th,1-885-870-1458, Divorced, ?, White, Female,SE9393036830736736469544,Indonesia
Maile Hanson,25, HS-grad,1-756-421-3570, Never-married, Other-service, White, Female,BH77595473654662230153,France
Brianna Howard,44, Masters,(342) 324-4395, Divorced, Exec-managerial, Asian-Pac-Islander, Female,KW9487523753243562071231147127,Belgium
Nelle Nash,28, HS-grad,1-330-513-8779, Never-married, Exec-managerial, Asian-Pac-Islander, Female,CR4714481938451851140,Belgium
Stephen Lott,45, Masters,1-436-304-6213, Married-civ-spouse, Sales, White, Male,CY48963328773384941511441488,Brazil
Ezekiel Vega,36, Some-college,1-228-538-5331, Divorced, Other-service, White, Female,AT328132737531052333,Vietnam
Melvin Oliver,39, Assoc-acdm,(128) 746-0933, Never-married, Exec-managerial, White, Male,DE58048674723557835729,Brazil
Aimee Byrd,46, Masters,1-397-242-7242, Widowed, Protective-serv, White, Male,ES5270639558323289914381,Sweden
Uta Clemons,18, 11th,(757) 417-8349, Never-married, Handlers-cleaners, White, Male,LT223154745376542067,Colombia
Troy Hart,66, Assoc-voc,1-374-453-4667, Widowed, Prof-specialty, White, Female,PK5626466120053851601454,New Zealand
Whilemina Hickman,27, HS-grad,1-541-633-2293, Never-married, Other-service, White, Male,LI4503583274303717553,Canada
Hedda Robinson,28, HS-grad,(904) 535-5709, Married-civ-spouse, Protective-serv, White, Male,MU4115522824020711368854643262,United States
Roary Price,51, Some-college,(634) 945-3738, Married-civ-spouse, Sales, White, Male,BA714467273625131225,Belgium
Kyra Brewer,27, Bachelors,1-725-245-0671, Never-married, Craft-repair, White, Male,NL89LQTD5141799127,South Korea
Jerome Washington,28, Bachelors,1-962-249-4885, Married-civ-spouse, Prof-specialty, White, Male,KZ807548146985768665,Costa Rica
Demetrius Ballard,27, HS-grad,1-388-772-7509, Married-spouse-absent, Sales, White, Female,EE531081454373862136,Nigeria
Dylan Howell,21, HS-grad,(229) 661-5266, Never-married, Craft-repair, Black, Male,MR9388523281487325374467405,Australia
Adara Spencer,34, HS-grad,(325) 897-6815, Never-married, Handlers-cleaners, Black, Male,LU828711603370362357,Russian Federation
Breanna Campbell,18, HS-grad,1-143-183-0127, Never-married, Other-service, White, Male,NL59YRYN2464153226,Turkey
Camden Mccarthy,33, Bachelors,1-865-417-7477, Married-civ-spouse, Prof-specialty, White, Male,AE412851568914270131255,Singapore
Jamal Chavez,44, Some-college,1-875-770-2154, Married-civ-spouse, Exec-managerial, Black, Male,PS757571418814888954794376458,Chile
Arthur Mack,43, Some-college,1-527-731-6897, Divorced, Adm-clerical, White, Female,BE63234233556824,Vietnam
Megan Dorsey,30, Some-college,(103) 612-8927, Never-married, Craft-repair, Black, Male,LT331417765131688877,Costa Rica
Maya Sawyer,40, 7th-8th,(634) 828-8716, Married-civ-spouse, Machine-op-inspct, White, Male,LV33YTFQ3397864773792,Vietnam
Macaulay Dunlap,37, Some-college,1-352-734-7429, Married-civ-spouse, Adm-clerical, White, Male,PS878192813375737217757438438,Sweden
Gannon Kirkland,34, HS-grad,(262) 833-0817, Married-civ-spouse, Adm-clerical, Black, Male,CZ4088755183296224704783,South Korea
Brandon O'connor,41, Bachelors,1-618-878-3305, Divorced, Exec-managerial, White, Female,MR0435110263687984448403190,Spain
Renee Matthews,53, Bachelors,(268) 746-7429, Divorced, ?, White, Female,BG54ZFPR80824810426463,Pakistan
Daryl Garner,31, Masters,1-124-511-0458, Married-civ-spouse, Prof-specialty, White, Female,SI72327587273468485,Costa Rica
Zorita Waller,58, Doctorate,(122) 789-7285, Married-civ-spouse, Prof-specialty, White, Male,HU04684512610253721786667073,Austria
Raphael Terrell,38, Some-college,(891) 873-3178, Divorced, Machine-op-inspct, Black, Female,LI1128325527985612035,Chile
Malachi Rosales,24, Some-college,(291) 348-1512, Married-civ-spouse, Machine-op-inspct, White, Male,HR2078988960392869118,Brazil
Emery Maynard,41, Bachelors,(112) 746-9287, Married-civ-spouse, Craft-repair, Black, Male,GR9326473571422243376873122,Spain
Ginger Saunders,47, Some-college,1-734-622-5783, Married-civ-spouse, Tech-support, White, Male,PK8703284154578823163502,Costa Rica
Castor Vasquez,41, Bachelors,(712) 378-7230, Married-civ-spouse, Tech-support, White, Male,LV25UWIW6823517658402,Australia
Lucius Bush,23, 5th-6th,(426) 312-0376, Married-civ-spouse, Transport-moving, White, Male,HU84224235727134184132469435,Ireland
Dawn Mcgowan,36, Some-college,1-167-936-7630, Divorced, Craft-repair, White, Male,GT45976071260904576563967620,South Africa
Lester Clayton,40, Masters,1-746-638-0288, Never-married, Exec-managerial, White, Female,GI77GGED450771178529685,United States
Salvador Cameron,35, Masters,1-538-651-8760, Married-civ-spouse, Prof-specialty, White, Male,CH4423888933312258334,Canada
Edward Hinton,24, HS-grad,(699) 773-5457, Never-married, Sales, White, Male,MD1711227366523695263861,Turkey
Lani Medina,26, Masters,1-546-473-2859, Never-married, Prof-specialty, White, Female,IS758440356668785148670354,Ukraine
Ivana Jennings,19, HS-grad,1-461-886-0268, Never-married, ?, White, Male,MU2232407839946341426197848103,Philippines
Lacota Aguirre,51, Bachelors,(577) 146-8790, Married-civ-spouse, Exec-managerial, White, Male,CY49891637270588152327347313,Belgium
Leonard Mendez,42, Some-college,(831) 545-4330, Never-married, Prof-specialty, White, Female,LU132273618128957788,South Korea
Darrel Stout,37, HS-grad,1-279-391-9338, Divorced, Adm-clerical, White, Female,LT914254286304462538,South Africa
Oren Graham,18, 11th,(107) 247-5547, Never-married, Sales, White, Female,SE2632143097581273264758,Australia
Samson Mitchell,36, Bachelors,1-402-875-9195, Married-civ-spouse, Other-service, Black, Male,DK9256625552417554,Indonesia
Erasmus Hoffman,35, HS-grad,1-617-874-2562, Divorced, Craft-repair, White, Male,AZ40878327044167011253147163,Ireland
Driscoll Pena,58, HS-grad,(321) 772-3611, Married-civ-spouse, Sales, White, Female,PK1048114844716438468372,Spain
Carlos Carroll,17, 11th,1-365-567-7104, Never-married, Sales, White, Female,KZ983322612681905075,Russian Federation
Minerva Navarro,44, HS-grad,(421) 377-3171, Married-civ-spouse, Transport-moving, Black, Male,MU2731494291272446218285139894,Turkey
Preston Hammond,37, HS-grad,(765) 717-3183, Married-civ-spouse, Craft-repair, White, Male,BH25339844137487454136,Mexico
Marvin Suarez,35, Some-college,(632) 657-1176, Never-married, Sales, Amer-Indian-Eskimo, Female,DE81981141941364224042,Belgium
Cameron Hoover,60, HS-grad,1-448-988-6069, Married-civ-spouse, Craft-repair, Asian-Pac-Islander, Male,SE6604814874719643997312,Pakistan
Gil Nicholson,54, 7th-8th,1-880-796-2617, Married-civ-spouse, Machine-op-inspct, White, Male,BA431904417745226135,Poland
Brendan Sargent,37, Bachelors,1-791-978-9498, Never-married, Exec-managerial, Black, Male,BA735830650382068325,United States
Minerva Cannon,50, Assoc-acdm,(653) 606-7528, Divorced, Sales, White, Female,GT51647505375974648165573681,United Kingdom
Francis Todd,38, Bachelors,(185) 674-9462, Married-civ-spouse, Sales, White, Male,KZ257270322431722204,Pakistan
Simone Doyle,45, Bachelors,(713) 501-3576, Married-civ-spouse, Prof-specialty, White, Male,GL3712235082180180,Turkey
James Franco,25, 10th,(381) 666-9976, Never-married, Craft-repair, White, Male,BE90478135451457,Indonesia
Edward Howe,31, Some-college,1-664-585-6240, Married-civ-spouse, Handlers-cleaners, White, Male,TN4583598861741330258177,Germany
Yuli Head,64, 1st-4th,(461) 422-1016, Divorced, ?, White, Male,GI78LXSU936827155216287,Peru
Iliana Frazier,90, HS-grad,1-656-971-3663, Never-married, Other-service, Black, Male,GE15505818681886757341,Canada
Vaughan Davidson,54, HS-grad,(203) 744-3473, Married-civ-spouse, Adm-clerical, Black, Male,VG7983182386578427073995,Canada
Davis Randall,53, Preschool,(788) 920-5434, Never-married, Machine-op-inspct, White, Female,SK4931255792521329257051,Costa Rica
Ciaran Compton,18, HS-grad,1-211-764-5783, Never-married, Sales, White, Female,AE310595821991014576321,Brazil
Solomon Charles,60, 10th,(835) 669-5798, Divorced, ?, Amer-Indian-Eskimo, Female,MR4383757510755691963281222,Singapore
Dalton Hampton,66, HS-grad,1-811-734-0932, Married-civ-spouse, Farming-fishing, White, Male,MR1564003166442855627435352,Mexico
Hilda Maynard,75, Assoc-voc,(878) 467-2482, Widowed, Adm-clerical, White, Female,SA2515452835752634593183,Nigeria
Clinton Patel,65, HS-grad,1-148-260-8335, Divorced, Adm-clerical, White, Female,TR592043875171567498842526,Peru
Anika Horn,35, 11th,(474) 730-7243, Separated, Transport-moving, Black, Male,TR698303516987824238863153,Mexico
Todd Simmons,41, HS-grad,(566) 671-5443, Divorced, Sales, Black, Female,DE30575127854507661679,India
Jillian Miller,25, Some-college,(322) 807-8614, Never-married, Adm-clerical, White, Male,DE60315556224753476920,Italy
Farrah Merritt,33, Some-college,(329) 454-1692, Divorced, Craft-repair, Other, Female,MC1557927389965312936163123,United States
Brooke Koch,28, Prof-school,1-593-614-4748, Never-married, Prof-specialty, White, Male,IT986HGIII56304133557646692,Turkey
Martha Robbins,59, HS-grad,1-848-335-7888, Married-civ-spouse, Other-service, White, Male,CZ7868288281248040752262,United States
MacKenzie Sweet,40, Some-college,1-430-750-8226, Never-married, Adm-clerical, White, Female,MT06WBEY53218389748457435447865,United States
Samantha Mccarthy,41, Bachelors,1-357-415-1448, Married-civ-spouse, Exec-managerial, White, Male,FI8934264552773661,South Africa
Harlan Salas,38, Masters,1-685-661-5772, Married-civ-spouse, Exec-managerial, White, Male,BA692817627966630182,China
Tanisha Long,23, HS-grad,(168) 853-1187, Never-married, Transport-moving, White, Male,MK25241687326339878,Ireland
Leila Farley,40, Bachelors,(733) 618-1167, Married-civ-spouse, Prof-specialty, White, Male,LV40GHVB7718141579416,Chile
Colorado Guerrero,41, HS-grad,(657) 458-6076, Married-civ-spouse, Other-service, White, Female,TN7485666668613811246896,Spain
Caldwell Deleon,24, Assoc-acdm,1-958-451-5797, Married-civ-spouse, Protective-serv, White, Male,PK1565745419195524047343,Belgium
Josiah Rodriguez,20, Some-college,(584) 448-5875, Never-married, ?, White, Male,LB82326467648537964641166272,Peru
Murphy Webster,38, Some-college,(831) 523-3644, Divorced, Craft-repair, White, Male,ES8203187658432293639554,Indonesia
Rudyard Beach,56, HS-grad,1-243-541-1717, Married-civ-spouse, Adm-clerical, White, Male,FR5501854938377174671428697,Ukraine
MacKensie Melton,58, HS-grad,1-356-792-7386, Married-civ-spouse, Adm-clerical, White, Male,IS716245680148818531211764,United States
Dylan Delaney,32, HS-grad,(672) 666-3853, Never-married, Other-service, White, Female,NO7689523508623,Belgium
Carter Harrington,40, Assoc-acdm,(764) 713-6403, Married-civ-spouse, Tech-support, White, Male,SK1650052513616833164134,South Africa
Bell Mack,45, HS-grad,1-555-171-2738, Married-civ-spouse, Adm-clerical, White, Male,CY55989177777352779781483668,Philippines
Emma Justice,41, Prof-school,1-845-285-3263, Married-civ-spouse, Prof-specialty, White, Female,BH95949232248423403152,Nigeria
Melvin Vinson,42, Bachelors,(348) 346-2480, Married-civ-spouse, Adm-clerical, Black, Female,TN9065767980766636462409,Ireland
Nyssa Mcfarland,59, 10th,1-514-624-7401, Widowed, Other-service, Black, Female,LB47917889252141457854169747,Spain
Georgia Key,19, Some-college,(459) 244-6080, Never-married, Adm-clerical, White, Male,FR5618131383360114263371281,Singapore
Xanthus Simmons,58, Some-college,1-410-228-8488, Never-married, Transport-moving, White, Male,NL58GAFD6620341018,Pakistan
Blaze Tran,42, HS-grad,1-845-828-0252, Married-civ-spouse, Farming-fishing, Asian-Pac-Islander, Male,SI49427874787785486,Sweden
Dahlia Carrillo,20, HS-grad,(276) 759-4693, Never-married, Other-service, White, Female,ME20821252817577275886,France
Darryl Miranda,32, HS-grad,(880) 886-2344, Separated, Other-service, White, Female,FO6376685166416673,Pakistan
Ebony Mcmillan,45, Assoc-voc,(312) 503-4268, Widowed, Exec-managerial, White, Female,MK15636895341085560,South Korea
Sara Rush,50, 7th-8th,(216) 814-2535, Divorced, Craft-repair, White, Male,NO5457158637138,Canada
Unity Coleman,36, Bachelors,1-213-951-8228, Divorced, Prof-specialty, White, Female,RO54DRJH3216143323458226,Ukraine
Kermit Walls,45, HS-grad,1-252-654-1151, Married-civ-spouse, Sales, White, Male,AZ87362678784138332707075411,Nigeria
Melanie Crawford,17, 11th,1-695-638-7957, Never-married, Other-service, White, Male,SI63284859445525387,South Africa
Blythe Lane,59, Some-college,(653) 673-2012, Married-civ-spouse, Sales, White, Male,FR2054336162408784183282028,Mexico
Emery Holt,26, 11th,1-942-148-3835, Married-civ-spouse, Craft-repair, White, Male,VG7686101493037665060862,Russian Federation
Garrett Howe,37, Some-college,(772) 663-3596, Married-civ-spouse, Exec-managerial, Asian-Pac-Islander, Male,DO51961533251166172886698053,Brazil
Neve Holt,19, Some-college,(733) 265-5886, Never-married, ?, White, Male,MT30HUEO14834530209654417768363,Nigeria
Isabelle Duke,64, HS-grad,1-316-688-6806, Married-civ-spouse, Exec-managerial, White, Male,KW6496435253571237728444165210,Nigeria
Emerald Stark,33, Bachelors,(464) 806-7980, Never-married, Prof-specialty, White, Female,SI52410005620358423,South Korea
Sophia Sweet,33, HS-grad,(114) 724-8775, Married-civ-spouse, Craft-repair, White, Female,TN2848581885956425607569,France
Warren Mclean,61, HS-grad,(566) 657-5318, Married-civ-spouse, Exec-managerial, White, Male,IT236QFVJI23670438761633583,Pakistan
Lee Deleon,17, 9th,(740) 322-6587, Never-married, Other-service, White, Male,CR5300236974182758207,Pakistan
Regina Carver,50, Masters,1-512-425-5537, Married-civ-spouse, Farming-fishing, White, Male,IE80KOBG37267666466725,New Zealand
Adena Santana,27, Masters,(493) 268-6487, Never-married, Prof-specialty, White, Male,SK6183172948238258409352,Colombia
Kennedy Mclaughlin,30, HS-grad,1-192-271-5165, Divorced, Prof-specialty, White, Female,GT96583369187462623459736364,Sweden
Tanisha Curtis,43, HS-grad,1-412-715-1265, Married-civ-spouse, Handlers-cleaners, Black, Male,DE60394302227274556223,Chile
Nyssa Foreman,44, Some-college,(691) 453-2592, Married-civ-spouse, Craft-repair, White, Male,RS13331974578572264583,South Africa
Halla Trevino,35, Some-college,(234) 699-0871, Never-married, Exec-managerial, White, Female,GI11JSFJ337781209382876,Chile
Ignacia Ross,25, Some-college,1-164-754-7487, Never-married, Tech-support, White, Female,BH54395108121469756741,India
Rowan Hood,24, Some-college,(684) 811-8941, Married-civ-spouse, Machine-op-inspct, White, Female,GT82974419385752210189231452,Poland
Dacey Powell,22, Bachelors,(565) 851-6835, Never-married, Prof-specialty, White, Female,MK09781649373881221,South Africa
Yen Macias,42, Some-college,(717) 617-6652, Married-civ-spouse, Craft-repair, White, Male,NL24IRMG2824626318,Sweden
Quynn Roberson,34, Assoc-acdm,1-853-775-4067, Divorced, Sales, Black, Female,BA571813116027727302,Belgium
Graham Andrews,60, Bachelors,1-457-811-1858, Divorced, Prof-specialty, White, Female,EE160250803388205127,Belgium
Tiger Sheppard,21, HS-grad,(346) 235-8333, Never-married, Handlers-cleaners, White, Male,KZ158474437403054235,Brazil
Regina Sampson,57, Masters,(103) 575-2755, Married-civ-spouse, Sales, White, Male,LB63563878364724422746788423,Australia
David Fletcher,41, Prof-school,1-538-648-6107, Married-civ-spouse, Prof-specialty, White, Male,AL97737723561362148897544608,United States
Zeph Shaw,50, Some-college,(692) 378-2645, Divorced, Other-service, White, Male,TN5331323586307433868211,Singapore
Blossom Holland,25, Bachelors,(701) 968-5674, Never-married, Exec-managerial, White, Female,TN8623731459531388314381,Netherlands
Tiger Buck,50, 7th-8th,(861) 302-8458, Married-civ-spouse, Craft-repair, White, Male,KZ035773651974440639,India
Rooney Foreman,36, Bachelors,1-422-508-6223, Married-civ-spouse, Prof-specialty, White, Male,GT03536522102780557527310467,Brazil
Brennan Hoffman,31, HS-grad,1-336-285-1436, Divorced, Prof-specialty, White, Female,IT485RXAFI16029433476229861,Canada
Irma Moran,29, Bachelors,1-298-629-5247, Never-married, Protective-serv, White, Male,BE44353527365829,Chile
Erich Rhodes,21, Some-college,1-334-305-8238, Never-married, Sales, White, Male,CZ2216876290182915758107,Peru
Emma Hurst,27, Bachelors,(902) 152-1725, Never-married, Tech-support, Black, Female,AL80537450687733773165842765,New Zealand
Thor Ward,65, HS-grad,1-107-117-3718, Married-civ-spouse, Transport-moving, White, Male,FI2393484483643383,Ireland
Cole West,37, Bachelors,1-864-881-6404, Divorced, Sales, White, Female,AT492746235883562661,United Kingdom
Lance Aguirre,39, Masters,1-681-153-4273, Married-civ-spouse, ?, Asian-Pac-Islander, Female,PS164613224946762377784346575,Italy
Raja Arnold,24, HS-grad,(741) 441-5272, Never-married, Craft-repair, White, Male,AE178537540048458415685,Colombia
Ross Patton,38, HS-grad,(955) 316-5388, Divorced, Sales, White, Male,BE79468113741261,Australia
Tyrone King,48, Bachelors,(456) 809-3543, Married-civ-spouse, Adm-clerical, White, Male,FR7211571755757440034776572,United Kingdom
Melodie Mathis,21, Some-college,(352) 626-2432, Never-married, Other-service, Asian-Pac-Islander, Female,FR2631550240264719140851362,Sweden
Kevin Mayer,31, HS-grad,(949) 205-7173, Married-civ-spouse, Transport-moving, White, Male,IT796MGLAI32486625607322580,Spain
Olivia Trevino,55, HS-grad,1-848-669-2932, Married-civ-spouse, Sales, White, Male,GR3922362716764419043678774,Poland
Rylee Duke,24, Some-college,(462) 201-8580, Married-civ-spouse, Adm-clerical, Asian-Pac-Islander, Female,AE688944989256262589017,New Zealand
Gannon Rocha,43, HS-grad,1-438-589-1468, Divorced, Adm-clerical, White, Female,BG83FLAS98657385918327,New Zealand
Anthony Fuller,26, Assoc-acdm,1-982-754-1455, Never-married, Tech-support, White, Male,CZ2212672149761133557095,France
Drake Bowen,46, Assoc-acdm,(612) 425-7679, Never-married, Prof-specialty, White, Female,PS405217709565478143640887760,Singapore
Dahlia Diaz,35, Assoc-acdm,1-170-173-6308, Married-civ-spouse, Adm-clerical, White, Male,CH6836353894118316918,Mexico
Josephine Underwood,41, Some-college,(795) 856-0452, Married-civ-spouse, Farming-fishing, White, Male,EE126515837326914459,Singapore
Gabriel Nelson,26, Bachelors,1-453-385-0282, Never-married, Sales, White, Male,BE02693307612583,United Kingdom
Sara Mcfadden,34, Masters,1-865-920-5335, Married-civ-spouse, Exec-managerial, Asian-Pac-Islander, Male,SE6438354385838492548877,Spain
Amela Wallace,19, Some-college,1-307-749-5184, Never-married, ?, Black, Female,LV64HNKS7050440411161,Ireland
Wanda Gates,36, Bachelors,(301) 628-5683, Divorced, Prof-specialty, Black, Female,NO4215817650186,Chile
Kirestin Patton,22, Some-college,1-553-820-2013, Never-married, Sales, White, Male,LU620312838858821253,South Africa
Elijah Tillman,24, Some-college,1-427-665-2543, Never-married, Machine-op-inspct, White, Male,IL915295235431978888003,Pakistan
Nomlanga Jordan,77, Some-college,1-245-239-6660, Married-civ-spouse, Sales, White, Male,AT425417997871777491,Vietnam
Blythe Sloan,22, 5th-6th,1-684-876-5873, Married-civ-spouse, Machine-op-inspct, White, Female,TR777252211927168623881586,Ireland
Gabriel Mcfadden,29, Some-college,(525) 465-5587, Never-married, Tech-support, White, Female,CH6827719808343244268,Mexico
Ariel Buck,62, HS-grad,(853) 886-3292, Widowed, Other-service, White, Female,AE782233456958505732823,Belgium
Lars Macdonald,39, HS-grad,(625) 911-7804, Married-civ-spouse, Exec-managerial, White, Male,GR4337209732066687421204538,Singapore
Vielka Kline,43, Some-college,1-623-694-3512, Married-civ-spouse, Craft-repair, White, Male,MR5386507659333565876964852,United States
Myles Dorsey,35, HS-grad,1-477-855-7102, Divorced, Transport-moving, White, Male,LU774311567444911473,Canada
Emmanuel Rios,29, 11th,1-331-425-9536, Never-married, Exec-managerial, White, Female,DE52127723110837463747,Belgium
Dominic Woodard,76, Masters,1-785-653-4413, Married-civ-spouse, Craft-repair, White, Male,GT44256367318714932953603370,Vietnam
Orli Warren,63, HS-grad,(135) 383-3261, Married-civ-spouse, Farming-fishing, White, Male,AZ64248438854143880583431963,Germany
Velma Vaughan,23, Assoc-voc,(489) 991-8570, Never-married, ?, Black, Female,IL416041848633445547317,Ireland
Ariana Duran,43, Some-college,(327) 735-1685, Married-civ-spouse, Prof-specialty, White, Female,MC5976804781464127715319628,France
Omar Nicholson,58, HS-grad,1-753-115-7341, Married-civ-spouse, Handlers-cleaners, White, Male,AD1968327532579619973216,Russian Federation
Wang Welch,66, HS-grad,(822) 107-7014, Never-married, Transport-moving, White, Male,LI2049696523289578617,Mexico
Kiayada Williamson,41, Some-college,(138) 563-9784, Never-married, Craft-repair, Black, Male,GI11WAWL393542686346488,Nigeria
Ryan Wynn,26, Bachelors,1-776-775-1342, Never-married, Adm-clerical, White, Male,IE03BDQH80893476245693,United States
Xantha Vinson,47, Assoc-voc,(531) 474-8171, Never-married, Other-service, White, Male,HR0954631260187753554,India
Ezekiel Burt,55, 10th,(404) 829-7374, Married-civ-spouse, Adm-clerical, White, Male,MK90787889265814661,Sweden
Lamar Vang,53, HS-grad,1-718-532-3542, Married-civ-spouse, Transport-moving, White, Male,ES2023359446413550521967,Spain
Daphne Gordon,17, 5th-6th,(659) 463-2361, Never-married, Other-service, White, Male,MT46SBHL29381267246525475598767,Chile
Abigail Mason,30, HS-grad,1-773-711-4203, Never-married, Craft-repair, White, Male,MK19967045926221335,Austria
Evelyn Page,49, Masters,(366) 874-4866, Never-married, Prof-specialty, White, Male,BH32765145445312916160,Costa Rica
Illana Peck,19, HS-grad,1-221-662-5333, Never-married, Sales, Black, Male,TN9518162119550326520869,Mexico
Bertha Leblanc,45, HS-grad,1-794-317-4601, Married-civ-spouse, Other-service, Black, Male,KZ781727985685133442,New Zealand
Wallace Parks,26, Assoc-acdm,(741) 559-3868, Never-married, Sales, White, Male,NL13KCPW5396375128,Netherlands
Clare Webster,38, Assoc-voc,1-373-645-1574, Married-civ-spouse, Craft-repair, White, Male,AZ15227042335222378962446415,Mexico
Amery Faulkner,36, HS-grad,(347) 441-5394, Married-civ-spouse, Protective-serv, White, Male,BG51WJKI45882352655039,Italy
Adara Wilson,33, HS-grad,(218) 750-1420, Never-married, Farming-fishing, White, Male,BE78020157293215,Pakistan
Kristen Ratliff,22, Some-college,(858) 593-3588, Never-married, Protective-serv, Black, Female,IS776379781348418897872462,Austria
Jakeem Mccarty,43, Bachelors,(541) 282-4158, Never-married, Sales, White, Male,CZ3630633133611293663627,Netherlands
Leila Cox,67, 11th,(856) 339-8127, Married-civ-spouse, ?, White, Male,PK4242511437972858345914,Germany
Hamish Terrell,30, Assoc-voc,(889) 447-1121, Divorced, ?, White, Female,IE03JCWW39457373421408,Colombia
Malcolm Knight,56, Assoc-acdm,(355) 267-5825, Married-spouse-absent, Other-service, White, Male,SE9642644510020867106146,Brazil
Suki Hall,31, Bachelors,1-404-828-5115, Never-married, Prof-specialty, White, Male,DK8133268686502694,Belgium
Colby Russo,33, Bachelors,1-572-449-1119, Married-civ-spouse, Exec-managerial, White, Male,NL05JRHF1362774623,Indonesia
Illiana Walters,26, HS-grad,1-444-952-6209, Married-civ-spouse, Other-service, White, Male,IL720097661081213732124,Spain
Bo Rocha,33, Bachelors,(419) 668-7162, Married-civ-spouse, Exec-managerial, White, Male,LB87351437632657556737431694,Mexico
Mollie Hanson,46, 11th,1-557-384-0366, Married-civ-spouse, Transport-moving, White, Male,RO83DLHB5352221691427477,Italy
Xandra Clemons,59, Bachelors,(476) 527-5166, Married-civ-spouse, ?, White, Male,BA857125155723725678,Pakistan
Iliana Sweet,38, HS-grad,1-744-774-8058, Married-civ-spouse, Adm-clerical, White, Male,TR227922444106346729237183,Netherlands
Ryder Mcdonald,65, 11th,1-935-749-3333, Widowed, Other-service, Other, Male,LT545942522621637701,Mexico
Gwendolyn Cameron,40, Assoc-voc,(382) 617-5827, Married-civ-spouse, Tech-support, White, Male,AZ90215532928461282756355089,Vietnam
Martha Harrell,42, HS-grad,(603) 873-7518, Married-civ-spouse, Adm-clerical, White, Female,LU112137444784732250,Nigeria
Cally Mueller,26, 9th,1-854-543-8464, Married-civ-spouse, Craft-repair, White, Male,LI7863610302074647427,Sweden
Nayda Osborne,36, 10th,1-253-781-2324, Married-civ-spouse, Other-service, White, Female,SK1806017728724862721155,Colombia
Kelsey Barrera,62, Masters,(521) 268-6538, Married-civ-spouse, Prof-specialty, White, Male,PT79445767321124321258818,Canada
Shelly Harrell,43, Bachelors,1-466-984-0440, Married-civ-spouse, Transport-moving, White, Male,VG0255194735867325624432,Singapore
Kato Farmer,43, Bachelors,1-782-565-0832, Divorced, Exec-managerial, White, Male,GR2843538685253337081327970,Norway
Gage Thompson,22, HS-grad,(763) 611-1236, Married-spouse-absent, Sales, White, Male,BH28244425814544034837,Poland
Blake Meadows,28, HS-grad,1-211-477-7752, Married-civ-spouse, Craft-repair, White, Male,MD9638085714055681184321,Philippines
Jerry Blair,56, Some-college,1-957-767-0136, Married-civ-spouse, Sales, White, Male,DO69726589745989238406675540,Ireland
Jamalia Pennington,22, Assoc-acdm,1-845-751-3002, Never-married, Sales, White, Female,BG91WKRU54643641771276,Indonesia
Vincent Silva,57, Bachelors,(550) 368-3913, Divorced, Exec-managerial, White, Female,VG1344367582196558644414,Norway
Elvis Silva,39, HS-grad,1-636-847-1129, Divorced, Sales, White, Female,LT029064986016059788,Ukraine
Timon Todd,26, Some-college,1-782-803-2633, Never-married, Adm-clerical, White, Female,AE057748728281012945676,Philippines
Garrison Trujillo,17, 11th,1-393-433-9629, Never-married, Other-service, White, Male,SA6535170888846219596122,Canada
Clio Reilly,40, Assoc-voc,1-203-868-3254, Married-civ-spouse, Machine-op-inspct, White, Male,DO02673364841615523146512625,United Kingdom
Bradley Callahan,45, HS-grad,(661) 884-5786, Married-civ-spouse, Machine-op-inspct, Black, Male,TR644771821225221216729429,Ukraine
Sigourney Watts,44, HS-grad,1-343-153-3184, Never-married, Craft-repair, Black, Male,LB15146654646841766611078533,India
Walter Rosa,20, Some-college,1-567-752-5683, Never-married, Adm-clerical, White, Female,GT98422148661651362219855482,Ukraine
Sonya Shaw,33, HS-grad,1-281-812-8637, Married-civ-spouse, Craft-repair, White, Female,VG8651697258930762131661,Netherlands
Raja Joyner,23, Some-college,1-334-429-1470, Never-married, Sales, White, Male,KZ335562634692663026,Chile
Noah Watkins,46, Masters,1-259-945-8734, Divorced, Exec-managerial, White, Male,MR0282770371442452443374783,Norway
Zelenia Ward,38, HS-grad,1-564-627-6267, Married-civ-spouse, Sales, White, Male,LB26353313893864733411495516,Philippines
Alec Mckenzie,54, HS-grad,(535) 705-2614, Divorced, Transport-moving, White, Male,BE73415707370464,Indonesia
Keane Chavez,46, 5th-6th,1-604-803-7927, Divorced, Craft-repair, White, Female,PS567391275862722657121684734,South Africa
Alan Grant,25, Some-college,1-657-109-5880, Married-civ-spouse, Craft-repair, White, Male,RS71264744730460187446,Austria
Olivia Gilbert,46, Some-college,1-670-484-1294, Divorced, Sales, White, Female,NL56QBPH6942568641,United States
Gavin Velazquez,36, Some-college,(787) 365-5454, Married-civ-spouse, Transport-moving, White, Female,CH5343124417385473132,Germany
Mason Olsen,23, HS-grad,(139) 853-1264, Never-married, Other-service, White, Female,GL9405522871651970,Austria
Germane Dillon,29, HS-grad,1-907-381-2779, Separated, Machine-op-inspct, White, Male,LT458771218346623299,Netherlands
Helen Crosby,44, Some-college,1-761-622-1543, Married-civ-spouse, Adm-clerical, White, Female,CZ5578871467164869337824,Peru
Chaim Mcbride,19, Some-college,1-631-642-2287, Never-married, Adm-clerical, White, Female,SM5461515921917402284342279,Poland
Orlando Carver,19, HS-grad,(684) 858-3602, Never-married, Other-service, White, Female,HU78281836970337783141831524,Russian Federation
Quail Clay,35, HS-grad,1-654-434-2985, Married-civ-spouse, Other-service, White, Female,VG7202569774339036426172,Mexico
Orlando Gregory,27, Bachelors,(639) 104-5967, Never-married, Craft-repair, White, Male,CR9428583224712532672,United Kingdom
Patricia Guerra,46, Assoc-acdm,(939) 569-8501, Separated, Craft-repair, White, Male,CZ3196580877546257509810,Indonesia
Fulton Francis,34, Bachelors,1-272-975-6419, Married-civ-spouse, Exec-managerial, White, Male,FR5788717297346817548713178,Canada
Jasmine Vasquez,34, HS-grad,(118) 433-4838, Never-married, Other-service, White, Female,EE101761316663123686,China
Porter Hardy,44, Some-college,1-555-667-6468, Married-civ-spouse, Tech-support, White, Male,PS772357672197335937351301430,Brazil
Libby Hansen,45, Some-college,1-848-948-4988, Divorced, Handlers-cleaners, White, Female,GE28782320922882638945,Spain
Tobias Ryan,20, HS-grad,(741) 516-8226, Never-married, ?, White, Female,GR1182718170256434965555222,Spain
Chancellor Booth,25, Bachelors,1-186-877-1175, Married-civ-spouse, Exec-managerial, White, Male,HR8132816612426566303,Spain
Gareth Finch,52, Bachelors,(483) 230-1966, Married-civ-spouse, Exec-managerial, White, Male,IL416865401317447603514,Germany
William Cochran,20, Some-college,1-847-213-0515, Never-married, Handlers-cleaners, White, Male,GL9559714631686161,Turkey
Lee Padilla,28, Some-college,1-821-961-4871, Never-married, Other-service, White, Female,PL76135681263529025806219028,Sweden
Cameron Leonard,50, Bachelors,1-734-281-2592, Married-civ-spouse, Protective-serv, White, Male,HU07689327167497663389217491,South Africa
Naomi Berg,34, Assoc-voc,1-442-648-6472, Divorced, Tech-support, White, Female,PS699334109042556425576160543,Costa Rica
Marsden Howe,28, 7th-8th,(583) 442-7187, Married-civ-spouse, Handlers-cleaners, Other, Male,GR8102981065281777525401558,Singapore
Winter Page,41, Masters,1-455-551-6994, Married-civ-spouse, Exec-managerial, White, Male,SK8272821567718100875460,United States
Calvin Williamson,28, HS-grad,1-936-225-6446, Married-civ-spouse, Adm-clerical, White, Male,CZ5867950795093296095246,Ukraine
Jada Garrison,46, HS-grad,1-136-522-3642, Married-civ-spouse, Craft-repair, White, Male,TR513702874082847785715613,Vietnam
Cain Chan,28, Some-college,(532) 645-0201, Married-civ-spouse, ?, White, Female,LB10882765832687166088858325,New Zealand
David Sweeney,32, Some-college,1-552-868-7145, Married-civ-spouse, Exec-managerial, White, Male,CR1033519590205252157,India
Lucian Bartlett,41, Some-college,1-711-781-8896, Divorced, Other-service, Black, Female,SK6342849551610563391652,Ukraine
Kieran Castro,24, HS-grad,(321) 631-8324, Never-married, Handlers-cleaners, Black, Female,TN0648786619629551978559,Vietnam
Quentin Mcconnell,33, Some-college,1-775-916-1120, Divorced, Exec-managerial, White, Female,PS515828242340615658184846862,Colombia
Alexander Mooney,46, Doctorate,(783) 630-5253, Married-civ-spouse, Exec-managerial, White, Male,GI49KETN125096405319376,Spain
Jasmine Norman,31, Some-college,1-772-898-2057, Married-civ-spouse, Machine-op-inspct, White, Male,PT30713733438386774471416,Peru
Emmanuel Evans,35, 12th,1-317-849-7253, Divorced, Craft-repair, White, Male,AD3746743703356834523721,Germany
Lysandra Lott,52, 1st-4th,(580) 765-1367, Married-civ-spouse, Machine-op-inspct, White, Male,IS581351933082415016165790,Italy
Angelica Simon,30, 11th,(818) 298-2131, Never-married, Other-service, White, Female,IL023518171047153447635,Belgium
Shelby Whitaker,34, 11th,(326) 150-3956, Separated, Machine-op-inspct, Black, Male,FI7615882761201983,United Kingdom
Dane Knapp,34, HS-grad,1-937-634-9945, Divorced, Transport-moving, White, Female,SM5561322777334877524621340,Nigeria
Hyacinth Norris,20, Some-college,(655) 784-9018, Married-civ-spouse, Sales, White, Male,GB42KDAH44545831708766,Mexico
Desiree Love,17, 11th,(845) 871-4683, Never-married, Handlers-cleaners, White, Male,EE181377744725919297,Pakistan
Holmes Stone,32, Bachelors,(543) 676-9737, Married-civ-spouse, Exec-managerial, White, Female,BG10GYGA00303233578805,Netherlands
Giselle Stephens,29, HS-grad,1-106-384-7775, Divorced, Farming-fishing, White, Male,DO76721667244060833838349159,Belgium
Dieter Perry,33, 10th,(354) 667-7866, Never-married, Craft-repair, White, Female,BA385326741322364863,Philippines
Knox Berger,25, HS-grad,(786) 397-5362, Married-civ-spouse, Transport-moving, White, Male,PL92243154681696646576738088,Netherlands
Axel Waller,36, Masters,(132) 850-2125, Never-married, Prof-specialty, White, Male,FI5041635442553103,South Korea
Amos Duncan,23, HS-grad,1-291-125-5385, Never-married, Handlers-cleaners, White, Male,AL94541806660644438321541974,South Africa
Ferris Barber,63, HS-grad,1-224-861-5361, Married-civ-spouse, Exec-managerial, White, Male,AZ87234637258744724358366053,Canada
Irma Castro,47, Masters,1-297-824-4724, Married-civ-spouse, Prof-specialty, White, Male,KW6356927010428723511717326452,Ireland
Octavia O'connor,80, HS-grad,(857) 378-8413, Widowed, ?, White, Male,EE196414192283314108,Belgium
Nerea Montgomery,17, 11th,1-591-689-6762, Never-married, ?, White, Male,IE86NPBJ76741900695421,Ireland
Rashad Mathis,40, Bachelors,1-394-289-6545, Married-spouse-absent, Prof-specialty, White, Female,AL53718331740746416321375657,Indonesia
Erich Barry,30, Assoc-acdm,1-832-283-5788, Married-civ-spouse, Other-service, White, Female,IL126157297226389196452,Austria
Allen Washington,27, Some-college,(129) 372-7576, Never-married, Craft-repair, Asian-Pac-Islander, Male,IL562295717464484921636,Norway
Amela Ingram,33, Masters,1-865-737-6951, Married-civ-spouse, Prof-specialty, White, Male,DK9139585971511483,Belgium
Garth Clemons,34, HS-grad,1-756-268-5642, Never-married, Farming-fishing, Black, Male,DE79957115879792314786,Austria
Irene Salas,34, Some-college,1-146-672-5467, Never-married, Protective-serv, White, Female,BH29826253773803034716,Brazil
Bradley Tran,23, Some-college,1-316-721-3271, Married-civ-spouse, Adm-clerical, White, Male,HR0351110785313919712,United States
Adam Downs,42, Some-college,(874) 488-4249, Married-civ-spouse, Adm-clerical, White, Female,NO2033651754556,Netherlands
Doris Burnett,29, Bachelors,(636) 939-6314, Never-married, Prof-specialty, White, Male,GR9252305846558988425436642,Sweden
Luke Cunningham,45, HS-grad,(688) 280-8444, Divorced, Adm-clerical, White, Female,LV16GDMT7147689942683,United Kingdom
Scott Green,24, HS-grad,(863) 505-4355, Never-married, Armed-Forces, White, Male,SM1486181785213827587458718,India
Tyrone Whitehead,44, Some-college,1-837-311-7293, Married-civ-spouse, Prof-specialty, White, Male,CR2328441663796848709,Germany
Zenia Velazquez,27, 9th,1-223-306-1886, Never-married, Craft-repair, White, Male,MR0687391891639163486663156,United States
Elijah Crane,20, Some-college,(943) 244-7334, Never-married, Sales, White, Male,CH2723132482533591278,France
Blossom Gordon,44, HS-grad,(741) 710-3091, Widowed, Exec-managerial, Black, Female,KW8509028492192344306631138788,Colombia
Kaitlin Jenkins,51, HS-grad,1-229-316-6531, Married-civ-spouse, Craft-repair, Amer-Indian-Eskimo, Male,DK0932675219141777,France
Julie Rogers,20, HS-grad,1-377-123-6875, Married-civ-spouse, Machine-op-inspct, White, Male,AL84280173297817346438333015,Philippines
Carissa Wilder,17, 11th,1-345-572-2805, Never-married, ?, White, Female,ES4607865543280471476544,Italy
Jaquelyn Gilmore,19, HS-grad,(225) 548-7732, Never-married, Machine-op-inspct, Black, Female,RO96YFBM9817035493245886,Belgium
Nissim Fulton,45, Some-college,(628) 329-1570, Married-civ-spouse, Craft-repair, White, Male,NO8352927439774,Italy
Perry Dean,60, HS-grad,(619) 642-8554, Married-civ-spouse, Craft-repair, White, Male,GL4399420567506798,Singapore
Jesse Marquez,42, Assoc-acdm,1-645-544-7593, Married-civ-spouse, Exec-managerial, Black, Male,RS17268564532625585187,Australia
Eugenia Baldwin,44, HS-grad,1-312-977-2860, Married-civ-spouse, Sales, White, Female,DK7586553422871331,Germany
Igor Vang,40, Assoc-voc,(456) 926-8743, Married-civ-spouse, Machine-op-inspct, Asian-Pac-Islander, Male,IE20ZDRX10715214816325,Philippines
Ryder Shields,30, HS-grad,(504) 665-4934, Married-civ-spouse, Exec-managerial, White, Female,KW1444978763002256366855647563,India
Aurora Sparks,38, Some-college,(144) 553-8878, Married-civ-spouse, Transport-moving, Black, Male,BE94782657636766,China
Keefe Howell,23, HS-grad,(383) 934-2832, Married-civ-spouse, Transport-moving, White, Male,LB57347594029243082528478747,United Kingdom
Barclay Nieves,32, Some-college,(924) 567-2113, Married-civ-spouse, ?, White, Male,IE92WRRL26433741827530,China
Joelle O'donnell,44, Assoc-acdm,1-712-239-5880, Never-married, Farming-fishing, White, Male,BG31BVHF91632628473179,Russian Federation
Ryan Wolfe,54, HS-grad,1-854-888-5555, Married-civ-spouse, Transport-moving, Black, Male,FO6467143821382443,Russian Federation
Leonard Bernard,32, Bachelors,(662) 683-4080, Married-civ-spouse, Prof-specialty, White, Male,LV75BXPY4232962468517,Peru
Sebastian Hernandez,50, 1st-4th,(634) 750-6996, Married-spouse-absent, Craft-repair, White, Male,DK5830179518987187,South Africa
Jamalia Calhoun,24, Bachelors,(782) 823-9277, Never-married, Tech-support, White, Female,SM5930460155482865484105644,Turkey
Chaney Chapman,37, HS-grad,(272) 595-9215, Married-civ-spouse, Adm-clerical, White, Female,IL336578122480175870654,United Kingdom
Fuller Beach,52, HS-grad,(891) 642-9479, Divorced, Transport-moving, White, Male,CR4666774474557722243,Russian Federation
Peter Miller,38, Some-college,1-184-273-4863, Married-civ-spouse, Transport-moving, White, Male,CH7252715891382543976,Chile
Kenneth Benjamin,49, Masters,(416) 621-5747, Married-civ-spouse, Exec-managerial, White, Male,LV03RTQW3816919748144,Turkey
Rahim Cortez,30, Bachelors,(525) 482-7595, Married-civ-spouse, Tech-support, White, Female,IL917739387352678209782,Canada
Camden Montgomery,60, Some-college,1-583-591-8464, Never-married, Prof-specialty, White, Male,DE41137243598153678133,Mexico
Leroy Rutledge,22, Some-college,(895) 256-4822, Never-married, ?, White, Male,KW2752670547772631136229523973,Nigeria
Quinn Livingston,35, HS-grad,(915) 884-5837, Never-married, Craft-repair, White, Male,BA562142580247330060,Costa Rica
Bruce Hewitt,30, HS-grad,(847) 201-3669, Never-married, Transport-moving, White, Male,MR7982610166136030256035508,Chile
Melvin Navarro,67, Assoc-voc,(372) 852-6863, Divorced, Other-service, White, Female,LU164416683227404351,United Kingdom
Fulton Gonzales,46, Bachelors,1-435-627-5822, Never-married, Craft-repair, White, Female,RO27TYUL1465245554135846,Singapore
Isadora George,17, 9th,1-851-955-1725, Never-married, Other-service, White, Male,ME47845205410576352615,Ireland
Griffin Horton,22, Some-college,(722) 313-1582, Never-married, Handlers-cleaners, White, Male,ME61166296796937034815,France
Cheryl Ross,27, 10th,(463) 856-9733, Never-married, Other-service, White, Male,AE447653776223672454731,Austria
Melanie Terry,23, HS-grad,(165) 664-2258, Never-married, Other-service, White, Female,AD2425158486370257432796,France
Jocelyn Owens,33, Assoc-acdm,1-233-343-9532, Married-civ-spouse, Craft-repair, White, Male,CH5368331527910436564,United States
Dora Jimenez,43, Some-college,1-220-418-2745, Married-civ-spouse, Craft-repair, White, Male,CZ4064379375180257126853,Chile
Noelle Erickson,28, Bachelors,(537) 427-7148, Never-married, Prof-specialty, White, Male,TN9064077053532758204381,Singapore
Shad Kane,41, HS-grad,1-892-420-5773, Married-spouse-absent, Craft-repair, White, Female,MU1636848862628025721166765817,Singapore
Howard Espinoza,52, 12th,(267) 965-4351, Never-married, ?, Black, Male,CR4034381430733633679,Belgium
Illana Barton,25, Some-college,1-486-328-7528, Married-spouse-absent, Adm-clerical, Black, Female,MD2094103758729369627154,United States
Erasmus Chang,63, 1st-4th,(337) 183-9623, Married-civ-spouse, ?, White, Male,MC8222056309868043067736434,Mexico
Zephr Maldonado,59, HS-grad,1-103-222-6253, Married-civ-spouse, Transport-moving, White, Male,RO16PDUH5041248985638414,Netherlands
Noah Abbott,45, Bachelors,(618) 273-7028, Divorced, Prof-specialty, White, Female,RS89108532795277554830,Poland
Louis Knapp,38, Bachelors,1-527-486-5219, Married-civ-spouse, Sales, White, Male,CZ3004176818159704224112,Colombia
Adrian Richmond,40, HS-grad,(728) 228-8849, Never-married, Other-service, White, Female,FR7114488684626231673452652,France
Solomon Gonzalez,46, HS-grad,(821) 986-0149, Divorced, Adm-clerical, White, Male,IS674523705044720500618554,Russian Federation
Sonia Payne,35, Assoc-acdm,(213) 375-7370, Never-married, Exec-managerial, White, Female,HU53081562243743143497664628,New Zealand
Chester Webb,34, HS-grad,1-356-310-4122, Divorced, Prof-specialty, White, Female,GB08ACNH74930571567379,Ukraine
Prescott Woods,33, Bachelors,1-585-261-6916, Never-married, Craft-repair, White, Male,PT53783278512226351818702,Pakistan
Stella Vance,41, HS-grad,(510) 623-3013, Divorced, Adm-clerical, White, Female,ME16475746872017421116,New Zealand
Jelani Palmer,20, Some-college,(484) 235-3680, Never-married, Machine-op-inspct, White, Male,PL97578617676576295065513976,Mexico
Renee Barron,23, 5th-6th,1-273-442-5543, Never-married, Other-service, White, Male,NO5573176927284,Germany
Erich Heath,26, Some-college,(576) 865-3111, Never-married, Prof-specialty, White, Female,CZ9117616686539645459230,Costa Rica
Thor Roberson,72, HS-grad,1-864-892-5649, Married-civ-spouse, ?, White, Male,AE396552758458160221458,Canada
